[
  {
    "id": "597ed888-5714-4116-bce9-c5ad794233f2",
    "data": [
      {
        "text": "access profiles",
        "userDefined": false
      }
    ],
    "isTemplate": false,
    "count": 0,
    "lang": "en",
    "updated": 0
  },
  {
    "id": "c912acc5-af49-45a1-8321-7cc7bcf65fac",
    "data": [
      {
        "text": "candidate profile access",
        "userDefined": false
      }
    ],
    "isTemplate": false,
    "count": 0,
    "lang": "en",
    "updated": 0
  },
  {
    "id": "e8236ce1-52df-40bd-985a-dd6a021f4e37",
    "data": [
      {
        "text": "Can I access all the job seeker profiles",
        "userDefined": false
      }
    ],
    "isTemplate": false,
    "count": 0,
    "lang": "en",
    "updated": 0
  }
]