[
  {
    "id": "968d0cb0-2162-479e-82ad-91600ca44c32",
    "data": [
      {
        "text": "details after registration",
        "userDefined": false
      }
    ],
    "isTemplate": false,
    "count": 0,
    "lang": "en",
    "updated": 0
  },
  {
    "id": "50193e84-414b-4014-813b-ac01af220efd",
    "data": [
      {
        "text": "how to add more details even after the registration is complete",
        "userDefined": false
      }
    ],
    "isTemplate": false,
    "count": 0,
    "lang": "en",
    "updated": 0
  },
  {
    "id": "8305841a-2c0d-4e9f-b1fd-4845074cfc79",
    "data": [
      {
        "text": "Once the registration is complete, what is the procedure for adding more information concerning my qualifications, employment background, and other pertinent personal information",
        "userDefined": false
      }
    ],
    "isTemplate": false,
    "count": 0,
    "lang": "en",
    "updated": 0
  },
  {
    "id": "bdde68e7-fef6-42b5-a258-d9ebda7b1b5d",
    "data": [
      {
        "text": "After completing the registration process, how can I provide additional information regarding my qualifications, work experience, and other pertinent details about myself",
        "userDefined": false
      }
    ],
    "isTemplate": false,
    "count": 0,
    "lang": "en",
    "updated": 0
  },
  {
    "id": "d4cd41b7-2d50-4fc1-afe0-87b7fcca21ce",
    "data": [
      {
        "text": "Once registered, how can fill more details about qualifications, work experience and other \n relevant details about myself",
        "userDefined": false
      }
    ],
    "isTemplate": false,
    "count": 0,
    "lang": "en",
    "updated": 0
  }
]