[
  {
    "id": "2e8d16b7-d526-4b0d-a41c-99583957f06b",
    "data": [
      {
        "text": " registration details",
        "userDefined": false
      }
    ],
    "isTemplate": false,
    "count": 0,
    "lang": "hi",
    "updated": 0
  },
  {
    "id": "38e076ff-130d-442a-8869-75ca18522e25",
    "data": [
      {
        "text": "एक बार",
        "userDefined": false
      },
      {
        "text": " पंजीकरण पूरा हो जाने पर, ",
        "userDefined": false
      },
      {
        "text": "मेरी",
        "userDefined": false
      },
      {
        "text": " योग्यता, ",
        "userDefined": false
      },
      {
        "text": "रोजगार",
        "userDefined": false
      },
      {
        "text": " पृष्ठभूमि और अन्य प्रासंगिक व्यक्तिगत जानकारी से संबंधित अधिक जानकारी जोड़ने की प्रक्रिया क्या है?",
        "userDefined": false
      }
    ],
    "isTemplate": false,
    "count": 0,
    "lang": "hi",
    "updated": 0
  },
  {
    "id": "33e0c597-4b7c-4085-a699-df15de34e9fc",
    "data": [
      {
        "text": "पंजीकरण प्रक्रिया पूरी करने के बाद, मैं अपनी योग्यता, कार्य अनुभव और अपने बारे में अन्य प्रासंगिक विवरण के बारे में अतिरिक्त जानकारी कैसे प्रदान कर सकता हूं?",
        "userDefined": false
      }
    ],
    "isTemplate": false,
    "count": 0,
    "lang": "hi",
    "updated": 0
  },
  {
    "id": "e55140c9-5bce-4430-a5ff-5b047f5bec14",
    "data": [
      {
        "text": "एक बार",
        "userDefined": false
      },
      {
        "text": " पंजीकृत होने के बाद, योग्यता, कार्य अनुभव और अन्य के बारे में अधिक विवरण कैसे भरें\n  मेरे बारे में प्रासंगिक विवरण",
        "userDefined": false
      }
    ],
    "isTemplate": false,
    "count": 0,
    "lang": "hi",
    "updated": 0
  }
]