[
  {
    "id": "ea3cd083-bc52-436b-9933-74fcc975f7e1",
    "data": [
      {
        "text": "do I need to register again",
        "userDefined": false
      }
    ],
    "isTemplate": false,
    "count": 0,
    "lang": "en-in",
    "updated": 0
  },
  {
    "id": "07008157-b967-4847-b06a-5abb80a7891c",
    "data": [
      {
        "text": "again registration",
        "userDefined": false
      }
    ],
    "isTemplate": false,
    "count": 0,
    "lang": "en-in",
    "updated": 0
  },
  {
    "id": "b2106cb7-3d1a-46d4-ae49-ec336f65c8bd",
    "data": [
      {
        "text": "I am already registered in an employment exchange. Do I need to register again?",
        "userDefined": false
      }
    ],
    "isTemplate": false,
    "count": 0,
    "lang": "en-in",
    "updated": 0
  }
]