[
  {
    "id": "4f534781-521c-4722-975b-138ca3113af9",
    "data": [
      {
        "text": "mai",
        "userDefined": false
      },
      {
        "text": " already ",
        "userDefined": false
      },
      {
        "text": "ek",
        "userDefined": false
      },
      {
        "text": " rozgaar ",
        "userDefined": false
      },
      {
        "text": "company",
        "userDefined": false
      },
      {
        "text": " me hu kya ",
        "userDefined": false
      },
      {
        "text": "mai",
        "userDefined": false
      },
      {
        "text": " fir se registration ",
        "userDefined": false
      },
      {
        "text": "karu",
        "userDefined": false
      }
    ],
    "isTemplate": false,
    "count": 0,
    "lang": "hi",
    "updated": 0
  },
  {
    "id": "f9a8899b-73fd-4832-b67e-2bd03cce4ad5",
    "data": [
      {
        "text": "kya mujhe fir se panjikaran ",
        "userDefined": false
      },
      {
        "text": "karne",
        "userDefined": false
      },
      {
        "text": " ",
        "userDefined": false
      },
      {
        "text": "ki",
        "userDefined": false
      },
      {
        "text": " zarurat h",
        "userDefined": false
      }
    ],
    "isTemplate": false,
    "count": 0,
    "lang": "hi",
    "updated": 0
  },
  {
    "id": "eaec6afb-faf3-4c5c-8fd0-160be6603008",
    "data": [
      {
        "text": "मैं ",
        "userDefined": false
      },
      {
        "text": "पहले",
        "userDefined": false
      },
      {
        "text": " से ही ",
        "userDefined": false
      },
      {
        "text": "एक रोजगार कार्यालय",
        "userDefined": false
      },
      {
        "text": " में पंजीकृत हूं। क्या मुझे फिर से पंजीकरण करने की आवश्यकता है?",
        "userDefined": false
      }
    ],
    "isTemplate": false,
    "count": 0,
    "lang": "hi",
    "updated": 0
  }
]