[
  {
    "id": "c97ccc32-dab0-47b0-b739-47ce2840d867",
    "data": [
      {
        "text": "Authorization",
        "userDefined": false
      }
    ],
    "isTemplate": false,
    "count": 0,
    "lang": "en",
    "updated": 0
  },
  {
    "id": "64febb7f-31d0-44a8-9d02-0762c6627d4e",
    "data": [
      {
        "text": "\nauthorization privileges",
        "userDefined": false
      }
    ],
    "isTemplate": false,
    "count": 0,
    "lang": "en",
    "updated": 0
  },
  {
    "id": "384ce61d-388f-4d3c-9315-4caca2f2544c",
    "data": [
      {
        "text": "What are the authorization privileges for these new users",
        "userDefined": false
      }
    ],
    "isTemplate": false,
    "count": 0,
    "lang": "en",
    "updated": 0
  },
  {
    "id": "bc945ecf-63bc-4f58-87d3-0320bc6fda51",
    "data": [
      {
        "text": "What kind of authorization rights will these newly added users have",
        "userDefined": false
      }
    ],
    "isTemplate": false,
    "count": 0,
    "lang": "en",
    "updated": 0
  }
]