[
  {
    "id": "8ce188d8-0736-4213-ba38-8e993fafa945",
    "data": [
      {
        "text": "cancel appointment",
        "userDefined": false
      }
    ],
    "isTemplate": false,
    "count": 0,
    "lang": "hi",
    "updated": 0
  },
  {
    "id": "9ef3d0f8-1576-48ea-99c7-ddefb0f2ce31",
    "data": [
      {
        "text": "kisi job ",
        "userDefined": false
      },
      {
        "text": "ki",
        "userDefined": false
      },
      {
        "text": " appointment ",
        "userDefined": false
      },
      {
        "text": "lene",
        "userDefined": false
      },
      {
        "text": " ",
        "userDefined": false
      },
      {
        "text": "ke",
        "userDefined": false
      },
      {
        "text": " ",
        "userDefined": false
      },
      {
        "text": "baad",
        "userDefined": false
      },
      {
        "text": " ",
        "userDefined": false
      },
      {
        "text": "usko",
        "userDefined": false
      },
      {
        "text": " cancel ya profile me kaise dekhu?",
        "userDefined": false
      }
    ],
    "isTemplate": false,
    "count": 0,
    "lang": "hi",
    "updated": 0
  },
  {
    "id": "a92bd732-065e-444b-9ed8-999a2605cd15",
    "data": [
      {
        "text": "मुझे यह बताएं कि नौकरी के लिए अपॉइंटमेंट को बदलने या अपने प्रोफ़ाइल में उसकी स्थिति कैसे देखा जा सकता है।",
        "userDefined": false
      }
    ],
    "isTemplate": false,
    "count": 0,
    "lang": "hi",
    "updated": 0
  },
  {
    "id": "80d96837-0933-4282-b858-a0da009e8072",
    "data": [
      {
        "text": "नौकरी",
        "userDefined": false
      },
      {
        "text": " के लिए अपॉइंटमेंट बदलने की प्रक्रिया या अपने प्रोफ़ाइल में उसका स्थिति कैसे जाँचने की प्रक्रिया क्या है, कृपया मुझे बताएं।",
        "userDefined": false
      }
    ],
    "isTemplate": false,
    "count": 0,
    "lang": "hi",
    "updated": 0
  },
  {
    "id": "63345a6b-4789-4b43-92b9-fc1080158ed5",
    "data": [
      {
        "text": "नौकरी",
        "userDefined": false
      },
      {
        "text": " के लिए अपॉइंटमेंट लेने के बाद, मैं इसे कैसे रद्द कर सकता हूं या इसे अपनी प्रोफ़ाइल में कैसे देख सकता हूं?",
        "userDefined": false
      }
    ],
    "isTemplate": false,
    "count": 0,
    "lang": "hi",
    "updated": 0
  }
]