[
  {
    "id": "aae802e8-2cfc-419d-aebf-a67498fdcf9b",
    "data": [
      {
        "text": "cancel appointment",
        "userDefined": false
      }
    ],
    "isTemplate": false,
    "count": 0,
    "lang": "en",
    "updated": 0
  },
  {
    "id": "98f1bdc3-a5dc-4aad-baaf-f0c3eb8652fa",
    "data": [
      {
        "text": "After I\u0027ve arranged a job appointment, how do I go about either canceling it or finding it within my profile",
        "userDefined": false
      }
    ],
    "isTemplate": false,
    "count": 0,
    "lang": "en",
    "updated": 0
  },
  {
    "id": "cc6b4da2-aaa1-4d4e-b8e6-459a3b919a02",
    "data": [
      {
        "text": "Once I schedule a job appointment, how can I either cancel it or access it in my profile",
        "userDefined": false
      }
    ],
    "isTemplate": false,
    "count": 0,
    "lang": "en",
    "updated": 0
  },
  {
    "id": "dcbc6d9d-3137-4af8-bc91-d7612d25949a",
    "data": [
      {
        "text": "After I take an appointment for job, how can I cancel it or view it in my profile",
        "userDefined": false
      }
    ],
    "isTemplate": false,
    "count": 0,
    "lang": "en",
    "updated": 0
  }
]