[
  {
    "id": "1e99664f-7922-4ccd-8cf9-c72f861d1e59",
    "data": [
      {
        "text": "Career guidance",
        "userDefined": false
      }
    ],
    "isTemplate": false,
    "count": 0,
    "lang": "en",
    "updated": 0
  },
  {
    "id": "09be7ba2-db10-474a-a0ff-f7aefe6764c3",
    "data": [
      {
        "text": "career guide",
        "userDefined": false
      }
    ],
    "isTemplate": false,
    "count": 0,
    "lang": "en",
    "updated": 0
  },
  {
    "id": "004fea04-c594-42b4-ac8e-5bd3e3a25c71",
    "data": [
      {
        "text": "Can I obtain career guidance through the portal",
        "userDefined": false
      }
    ],
    "isTemplate": false,
    "count": 0,
    "lang": "en",
    "updated": 0
  },
  {
    "id": "ee222dbf-14c9-496b-bc5e-bea2f6935384",
    "data": [
      {
        "text": "Is it possible to receive career guidance via the portal",
        "userDefined": false
      }
    ],
    "isTemplate": false,
    "count": 0,
    "lang": "en",
    "updated": 0
  },
  {
    "id": "7d4db266-8fe1-41bd-afee-5ac91ec3ef15",
    "data": [
      {
        "text": "Can I get career guidance through the portal",
        "userDefined": false
      }
    ],
    "isTemplate": false,
    "count": 0,
    "lang": "en",
    "updated": 0
  }
]