[
  {
    "id": "de0c4889-678a-486f-923f-c52116bd5f6c",
    "data": [
      {
        "text": "career guidance",
        "userDefined": false
      }
    ],
    "isTemplate": false,
    "count": 0,
    "lang": "hi",
    "updated": 0
  },
  {
    "id": "cbc12e16-a3e8-4db3-b282-ada4d5f173e2",
    "data": [
      {
        "text": "mujhe website par career guidance kaise ",
        "userDefined": false
      },
      {
        "text": "mil",
        "userDefined": false
      },
      {
        "text": " skti ",
        "userDefined": false
      },
      {
        "text": "hai",
        "userDefined": false
      },
      {
        "text": "?",
        "userDefined": false
      }
    ],
    "isTemplate": false,
    "count": 0,
    "lang": "hi",
    "updated": 0
  },
  {
    "id": "c4ea50d6-aaf0-4178-9a8e-38426ce9275c",
    "data": [
      {
        "text": "क्या मैं पोर्टल के माध्यम से करियर मार्गदर्शन कर सकता/सकती हूँ?",
        "userDefined": false
      }
    ],
    "isTemplate": false,
    "count": 0,
    "lang": "hi",
    "updated": 0
  },
  {
    "id": "809b0c41-94bd-4d39-8dd3-453ac3ba30b4",
    "data": [
      {
        "text": "क्या मैं पोर्टल का उपयोग करके करियर मार्गदर्शन प्राप्त कर सकता/सकती हूँ?",
        "userDefined": false
      }
    ],
    "isTemplate": false,
    "count": 0,
    "lang": "hi",
    "updated": 0
  },
  {
    "id": "01e8b8a9-d797-4cf1-a553-82152c53e5a1",
    "data": [
      {
        "text": "क्या मुझे पोर्टल के माध्यम से करियर ",
        "userDefined": false
      },
      {
        "text": "मार्गदर्शन",
        "userDefined": false
      },
      {
        "text": " मिल सकता है?",
        "userDefined": false
      }
    ],
    "isTemplate": false,
    "count": 0,
    "lang": "hi",
    "updated": 0
  }
]