[
  {
    "id": "004fea04-c594-42b4-ac8e-5bd3e3a25c71",
    "data": [
      {
        "text": "Can I obtain career guidance through the portal?",
        "userDefined": false
      }
    ],
    "isTemplate": false,
    "count": 0,
    "lang": "en-in",
    "updated": 0
  },
  {
    "id": "ee222dbf-14c9-496b-bc5e-bea2f6935384",
    "data": [
      {
        "text": "Is it possible to receive career guidance via the portal?",
        "userDefined": false
      }
    ],
    "isTemplate": false,
    "count": 0,
    "lang": "en-in",
    "updated": 0
  },
  {
    "id": "7d4db266-8fe1-41bd-afee-5ac91ec3ef15",
    "data": [
      {
        "text": "Can I get career guidance through the portal?",
        "userDefined": false
      }
    ],
    "isTemplate": false,
    "count": 0,
    "lang": "en-in",
    "updated": 0
  }
]