[
  {
    "id": "593caeff-ea37-4c57-9f5b-8c68ba5e4953",
    "data": [
      {
        "text": "Certification course",
        "userDefined": false
      }
    ],
    "isTemplate": false,
    "count": 0,
    "lang": "en",
    "updated": 0
  },
  {
    "id": "6c3a08bb-017e-4992-84db-dafadffc1610",
    "data": [
      {
        "text": "certificate course",
        "userDefined": false
      }
    ],
    "isTemplate": false,
    "count": 0,
    "lang": "en",
    "updated": 0
  },
  {
    "id": "1d4cc479-c7f3-45d7-84f0-fec401b91aa3",
    "data": [
      {
        "text": "Are there any certification courses offered through the portal?",
        "userDefined": false
      }
    ],
    "isTemplate": false,
    "count": 0,
    "lang": "en",
    "updated": 0
  },
  {
    "id": "ee1c00cb-db0d-4d2a-a885-c13fa2c015dd",
    "data": [
      {
        "text": "Does the portal provide any certification courses?",
        "userDefined": false
      }
    ],
    "isTemplate": false,
    "count": 0,
    "lang": "en",
    "updated": 0
  },
  {
    "id": "8e83ec07-b98d-41fb-9c09-eb2c46b6fdcb",
    "data": [
      {
        "text": "Are there any certification courses offered by the portal?",
        "userDefined": false
      }
    ],
    "isTemplate": false,
    "count": 0,
    "lang": "en",
    "updated": 0
  }
]