[
  {
    "id": "03040b6f-68bf-4372-9cf4-b7616e961f03",
    "data": [
      {
        "text": "certification courses",
        "userDefined": false
      }
    ],
    "isTemplate": false,
    "count": 0,
    "lang": "hi",
    "updated": 0
  },
  {
    "id": "ce125bae-7d78-4e38-8972-ad45657a54b3",
    "data": [
      {
        "text": "portal par koi certification course bhi hai kya?",
        "userDefined": false
      }
    ],
    "isTemplate": false,
    "count": 0,
    "lang": "hi",
    "updated": 0
  },
  {
    "id": "b7791fc7-cb0a-4838-acf5-568ab7160bc6",
    "data": [
      {
        "text": "क्या पोर्टल पर कोई सत्यापन पाठ्यक्रम उपलब्ध किया गया है?",
        "userDefined": false
      }
    ],
    "isTemplate": false,
    "count": 0,
    "lang": "hi",
    "updated": 0
  },
  {
    "id": "e1c9a0be-354f-4ce2-99b4-8cb2a834b6a2",
    "data": [
      {
        "text": "क्या पोर्टल पर कोई सत्यापन पाठ्यक्रम उपलब्ध है?",
        "userDefined": false
      }
    ],
    "isTemplate": false,
    "count": 0,
    "lang": "hi",
    "updated": 0
  },
  {
    "id": "d8ebc868-be89-451b-b3d2-3b1cc528ceb8",
    "data": [
      {
        "text": "क्या पोर्टल पर कोई प्रमाणन कार्यक्रम उपलब्ध किया ",
        "userDefined": false
      },
      {
        "text": "गया",
        "userDefined": false
      },
      {
        "text": " है?",
        "userDefined": false
      }
    ],
    "isTemplate": false,
    "count": 0,
    "lang": "hi",
    "updated": 0
  }
]