[
  {
    "id": "1d4cc479-c7f3-45d7-84f0-fec401b91aa3",
    "data": [
      {
        "text": "Are there any certification courses offered through the portal?",
        "userDefined": false
      }
    ],
    "isTemplate": false,
    "count": 0,
    "lang": "en-in",
    "updated": 0
  },
  {
    "id": "ee1c00cb-db0d-4d2a-a885-c13fa2c015dd",
    "data": [
      {
        "text": "Does the portal provide any certification courses?",
        "userDefined": false
      }
    ],
    "isTemplate": false,
    "count": 0,
    "lang": "en-in",
    "updated": 0
  },
  {
    "id": "8e83ec07-b98d-41fb-9c09-eb2c46b6fdcb",
    "data": [
      {
        "text": "Are there any certification courses offered by the portal?",
        "userDefined": false
      }
    ],
    "isTemplate": false,
    "count": 0,
    "lang": "en-in",
    "updated": 0
  }
]