[
  {
    "id": "b8a734f6-62fa-41b4-aa8a-609a830a15c9",
    "data": [
      {
        "text": "If that\u0027s the case, is there a cost associated with it?",
        "userDefined": false
      }
    ],
    "isTemplate": false,
    "count": 0,
    "lang": "en-in",
    "updated": 0
  },
  {
    "id": "0f9e802e-1e59-4f5d-839c-aa1c13c1a447",
    "data": [
      {
        "text": "If that\u0027s the case, is there a fee required?",
        "userDefined": false
      }
    ],
    "isTemplate": false,
    "count": 0,
    "lang": "en-in",
    "updated": 0
  },
  {
    "id": "b26d3ed5-309b-47cf-8883-0b8dffebc24b",
    "data": [
      {
        "text": "If so, do I need to pay anything?",
        "userDefined": false
      }
    ],
    "isTemplate": false,
    "count": 0,
    "lang": "en-in",
    "updated": 0
  }
]