[
  {
    "id": "bac80bbe-8884-42ed-8205-a9028428ecda",
    "data": [
      {
        "text": "Cost",
        "userDefined": false
      }
    ],
    "isTemplate": false,
    "count": 0,
    "lang": "en",
    "updated": 0
  },
  {
    "id": "87ff3733-63bc-4c63-87ab-c6dbb8b35bb0",
    "data": [
      {
        "text": "Payment",
        "userDefined": false
      }
    ],
    "isTemplate": false,
    "count": 0,
    "lang": "en",
    "updated": 0
  },
  {
    "id": "29e068a2-05eb-4a4e-85d1-15d867b4c26e",
    "data": [
      {
        "text": "charges",
        "userDefined": false
      }
    ],
    "isTemplate": false,
    "count": 0,
    "lang": "en",
    "updated": 0
  },
  {
    "id": "b8a734f6-62fa-41b4-aa8a-609a830a15c9",
    "data": [
      {
        "text": "is there a cost associated with it",
        "userDefined": false
      }
    ],
    "isTemplate": false,
    "count": 0,
    "lang": "en",
    "updated": 0
  },
  {
    "id": "0f9e802e-1e59-4f5d-839c-aa1c13c1a447",
    "data": [
      {
        "text": "is there a fee required",
        "userDefined": false
      }
    ],
    "isTemplate": false,
    "count": 0,
    "lang": "en",
    "updated": 0
  },
  {
    "id": "b26d3ed5-309b-47cf-8883-0b8dffebc24b",
    "data": [
      {
        "text": "do I need to pay anything",
        "userDefined": false
      }
    ],
    "isTemplate": false,
    "count": 0,
    "lang": "en",
    "updated": 0
  }
]