[
  {
    "id": "7813b8a4-677b-4405-8aa6-4a8996504098",
    "data": [
      {
        "text": "mujhe meri confirmation kaise pata chalegi ki mene PGRKAM pr registration kr liya hai",
        "userDefined": false
      }
    ],
    "isTemplate": false,
    "count": 0,
    "lang": "hi",
    "updated": 0
  },
  {
    "id": "4db8f01a-fdc3-4daf-93a8-2ed45fe5b3c4",
    "data": [
      {
        "text": "meri",
        "meta": "@sys.person",
        "alias": "person",
        "userDefined": false
      },
      {
        "text": " confirmation ",
        "userDefined": false
      },
      {
        "text": "ho",
        "meta": "@sys.last-name",
        "alias": "last-name",
        "userDefined": false
      },
      {
        "text": " gayi ",
        "userDefined": false
      },
      {
        "text": "hai",
        "meta": "@sys.person",
        "alias": "person1",
        "userDefined": false
      },
      {
        "text": " ye me kaise confirm ",
        "userDefined": false
      },
      {
        "text": "karo",
        "meta": "@sys.last-name",
        "alias": "last-name1",
        "userDefined": false
      }
    ],
    "isTemplate": false,
    "count": 0,
    "lang": "hi",
    "updated": 0
  },
  {
    "id": "c136aa5a-0fec-4eff-a692-478e9df4cee5",
    "data": [
      {
        "text": "मैं यह कैसे सुनिश्चित कर सकता हूं कि पीजीआरकेएएम के साथ मेरे नामांकन की पुष्टि हो गई है?",
        "userDefined": false
      }
    ],
    "isTemplate": false,
    "count": 0,
    "lang": "hi",
    "updated": 0
  },
  {
    "id": "beafeacb-0e67-487a-9de8-c249d4a94599",
    "data": [
      {
        "text": "मुझे यह पुष्टि कैसे मिलेगी कि मैं पीजीआरकेएएम के साथ पंजीकृत हूं",
        "userDefined": false
      }
    ],
    "isTemplate": false,
    "count": 0,
    "lang": "hi",
    "updated": 0
  }
]