[
  {
    "id": "6f3dd64d-19ee-46df-9e6e-7154256087d2",
    "data": [
      {
        "text": "How can I ensure that my enrollment with PGRKAM has been confirmed?",
        "userDefined": false
      }
    ],
    "isTemplate": false,
    "count": 0,
    "lang": "en-in",
    "updated": 0
  },
  {
    "id": "77740d33-11d5-451a-9363-c02d472978fc",
    "data": [
      {
        "text": "How can I receive confirmation that my registration with PGRKAM has been successful?",
        "userDefined": false
      }
    ],
    "isTemplate": false,
    "count": 0,
    "lang": "en-in",
    "updated": 0
  },
  {
    "id": "08eb77f0-a018-4144-a5ee-f6b080555617",
    "data": [
      {
        "text": "\"How can I receive confirmation of my registration with PGRKAM?\"",
        "userDefined": false
      }
    ],
    "isTemplate": false,
    "count": 0,
    "lang": "en-in",
    "updated": 0
  },
  {
    "id": "81d02f0e-a283-43e5-a4c5-aafbe5063608",
    "data": [
      {
        "text": "How will I get a confirmation that I\u0027m registered with PGRKAM?",
        "userDefined": false
      }
    ],
    "isTemplate": false,
    "count": 0,
    "lang": "en-in",
    "updated": 0
  }
]