[
  {
    "id": "af38f84d-a714-4eab-bddc-16899f972dda",
    "data": [
      {
        "text": "Job finding contact",
        "userDefined": false
      }
    ],
    "isTemplate": false,
    "count": 0,
    "lang": "en",
    "updated": 0
  },
  {
    "id": "14b962ba-23f6-4e31-98cd-6ce2ca9df31e",
    "data": [
      {
        "text": "Contact job want",
        "userDefined": false
      }
    ],
    "isTemplate": false,
    "count": 0,
    "lang": "en",
    "updated": 0
  },
  {
    "id": "7431a599-4ea5-4cad-bf4f-17fcf735b6db",
    "data": [
      {
        "text": "can I contact the job seeker directly",
        "userDefined": false
      }
    ],
    "isTemplate": false,
    "count": 0,
    "lang": "en",
    "updated": 0
  },
  {
    "id": "b79ec784-18bb-4492-974f-1468fc216828",
    "data": [
      {
        "text": "How to contact job seeker",
        "userDefined": false
      }
    ],
    "isTemplate": false,
    "count": 0,
    "lang": "en",
    "updated": 0
  },
  {
    "id": "b0940000-e551-4a34-bb2c-bd331d97219d",
    "data": [
      {
        "text": "Can I directly contact the job seekers whose profiles I find interesting",
        "userDefined": false
      }
    ],
    "isTemplate": false,
    "count": 0,
    "lang": "en",
    "updated": 0
  }
]