[
  {
    "id": "ff59aa2c-c617-4469-acea-9b7bf2ddd22d",
    "data": [
      {
        "text": "kya ",
        "userDefined": false
      },
      {
        "text": "mai",
        "userDefined": false
      },
      {
        "text": " kisi ",
        "userDefined": false
      },
      {
        "text": "ko",
        "userDefined": false
      },
      {
        "text": " contact ",
        "userDefined": false
      },
      {
        "text": "kar",
        "userDefined": false
      },
      {
        "text": " ",
        "userDefined": false
      },
      {
        "text": "sakti",
        "userDefined": false
      },
      {
        "text": " ",
        "userDefined": false
      },
      {
        "text": "hu",
        "userDefined": false
      }
    ],
    "isTemplate": false,
    "count": 0,
    "lang": "hi",
    "updated": 0
  },
  {
    "id": "efef305d-cb69-4cdf-9cc7-609767a0e04f",
    "data": [
      {
        "text": "kya ",
        "userDefined": false
      },
      {
        "text": "mai",
        "userDefined": false
      },
      {
        "text": " sidhe ",
        "userDefined": false
      },
      {
        "text": "naukari",
        "userDefined": false
      },
      {
        "text": " chahne walo se sampark kr sakta/sakti hu jinki profile mujhe dilchasp lagi",
        "userDefined": false
      }
    ],
    "isTemplate": false,
    "count": 0,
    "lang": "hi",
    "updated": 0
  },
  {
    "id": "51b05da7-4652-48a2-ba97-4aa90f48a029",
    "data": [
      {
        "text": "क्या मैं सीधे ",
        "userDefined": false
      },
      {
        "text": "नौकरी",
        "userDefined": false
      },
      {
        "text": " चाहने वालों से संपर्क कर सकता हूं जिनकी प्रोफाइल मुझे दिलचस्प लगती है?",
        "userDefined": false
      }
    ],
    "isTemplate": false,
    "count": 0,
    "lang": "hi",
    "updated": 0
  }
]