[
  {
    "id": "6f6369bc-91d2-486b-a853-cc114f7a960a",
    "data": [
      {
        "text": "Is there a feature on the portal to reach out to the candidates we\u0027ve shortlisted, or should we make the effort independently",
        "userDefined": false
      }
    ],
    "isTemplate": false,
    "count": 0,
    "lang": "en",
    "updated": 0
  },
  {
    "id": "a30dc8ce-6efa-4cb4-a0f9-fdf8430f1258",
    "data": [
      {
        "text": "connect selected candidates",
        "userDefined": false
      }
    ],
    "isTemplate": false,
    "count": 0,
    "lang": "en",
    "updated": 0
  },
  {
    "id": "9c5fd446-1077-42d0-83c2-2372223ab0f8",
    "data": [
      {
        "text": "contact selected people",
        "userDefined": false
      }
    ],
    "isTemplate": false,
    "count": 0,
    "lang": "en",
    "updated": 0
  },
  {
    "id": "bf4edf5a-ba75-42c0-aa68-8a2e7f1149bf",
    "data": [
      {
        "text": "contact shortlisted candidates",
        "userDefined": false
      }
    ],
    "isTemplate": false,
    "count": 0,
    "lang": "en",
    "updated": 0
  },
  {
    "id": "45712133-6418-49d6-af98-48e4d2599ac8",
    "data": [
      {
        "text": "How can I connect with the shortlisted candidates through the portal or do we have to connect with them on our own",
        "userDefined": false
      }
    ],
    "isTemplate": false,
    "count": 0,
    "lang": "en",
    "updated": 0
  }
]