[
  {
    "id": "7431a599-4ea5-4cad-bf4f-17fcf735b6db",
    "data": [
      {
        "text": "can I contact the job seekers directly",
        "userDefined": false
      }
    ],
    "isTemplate": false,
    "count": 0,
    "lang": "en-in",
    "updated": 0
  },
  {
    "id": "b79ec784-18bb-4492-974f-1468fc216828",
    "data": [
      {
        "text": "How to contact job seekers?",
        "userDefined": false
      }
    ],
    "isTemplate": false,
    "count": 0,
    "lang": "en-in",
    "updated": 0
  },
  {
    "id": "b0940000-e551-4a34-bb2c-bd331d97219d",
    "data": [
      {
        "text": "Can I directly contact the job seekers whose profiles I find interesting?",
        "userDefined": false
      }
    ],
    "isTemplate": false,
    "count": 0,
    "lang": "en-in",
    "updated": 0
  }
]