[
  {
    "id": "b008fd97-15dd-431f-aca6-969905d8ece1",
    "data": [
      {
        "text": "kya ye confirm hai ki mera profile data bilkul secure aur protected rahega PGRKAM website pr?",
        "userDefined": false
      }
    ],
    "isTemplate": false,
    "count": 0,
    "lang": "hi",
    "updated": 0
  },
  {
    "id": "b6637d0a-7bf7-4319-bf44-c378b6573b90",
    "data": [
      {
        "text": "क्या मैं भरोसा कर सकता हूं कि मेरा प्रोफ़ाइल डेटा ",
        "userDefined": false
      },
      {
        "text": "PGRKAM.com",
        "meta": "@sys.url",
        "alias": "url",
        "userDefined": false
      },
      {
        "text": " पोर्टल पर सुरक्षित और अच्छी तरह से संरक्षित रहेगा?",
        "userDefined": false
      }
    ],
    "isTemplate": false,
    "count": 0,
    "lang": "hi",
    "updated": 0
  },
  {
    "id": "51dce377-52f7-46de-8839-6f73d63ffd56",
    "data": [
      {
        "text": "kya mera data safe hai iss website prr?",
        "userDefined": false
      }
    ],
    "isTemplate": false,
    "count": 0,
    "lang": "hi",
    "updated": 0
  },
  {
    "id": "ba8b9931-f161-4575-a0ae-535a03c8ae77",
    "data": [
      {
        "text": "क्या मेरा प्रोफ़ाइल डेटा ",
        "userDefined": false
      },
      {
        "text": "PGRKAM.com",
        "meta": "@sys.url",
        "alias": "url",
        "userDefined": false
      },
      {
        "text": " पोर्टल के साथ सुरक्षित है?",
        "userDefined": false
      }
    ],
    "isTemplate": false,
    "count": 0,
    "lang": "hi",
    "updated": 0
  }
]