[
  {
    "id": "180bd095-fc62-4d02-8dec-e4f5142f8fc2",
    "data": [
      {
        "text": "Is it ensured that my profile information remains secure and protected within the PGRKAM.com portal?",
        "userDefined": false
      }
    ],
    "isTemplate": false,
    "count": 0,
    "lang": "en-in",
    "updated": 0
  },
  {
    "id": "f7fc51dd-1200-442f-a6a8-90b68991e601",
    "data": [
      {
        "text": "Can I trust that my profile data remains safe and well-protected on the PGRKAM.com portal?",
        "userDefined": false
      }
    ],
    "isTemplate": false,
    "count": 0,
    "lang": "en-in",
    "updated": 0
  },
  {
    "id": "a61b96c8-3412-4aa0-b65f-b779b2af02c3",
    "data": [
      {
        "text": "Is my personal information protected and kept secure on the PGRKAM.com portal?",
        "userDefined": false
      }
    ],
    "isTemplate": false,
    "count": 0,
    "lang": "en-in",
    "updated": 0
  },
  {
    "id": "6b90893d-cc71-481b-80d7-e4a27c27fbaa",
    "data": [
      {
        "text": "Is my profile data safe and secure with PGRKAM.com portal?",
        "userDefined": false
      }
    ],
    "isTemplate": false,
    "count": 0,
    "lang": "en-in",
    "updated": 0
  }
]