[
  {
    "id": "1f4c4b88-a27f-4e3d-ab78-a8e46dab0b66",
    "data": [
      {
        "text": "ਸਤ ਸ੍ਰੀ ਅਕਾਲ",
        "userDefined": false
      }
    ],
    "isTemplate": false,
    "count": 0,
    "lang": "pa",
    "updated": 0
  },
  {
    "id": "99b12520-1965-40e0-96ae-141797fd1896",
    "data": [
      {
        "text": "ਸ਼ੁਭਕਾਮਨਾਵਾਂ",
        "userDefined": false
      }
    ],
    "isTemplate": false,
    "count": 0,
    "lang": "pa",
    "updated": 0
  },
  {
    "id": "73181df0-ebee-47d6-aa58-fd8a8f13fb3e",
    "data": [
      {
        "text": "ਇੱਕ ਚੰਗਾ ਦਿਨ",
        "userDefined": false
      }
    ],
    "isTemplate": false,
    "count": 0,
    "lang": "pa",
    "updated": 0
  },
  {
    "id": "fafc0c45-69da-4c5f-9c3c-eaad140024e0",
    "data": [
      {
        "text": "ਹੈਲੋ ਦੁਬਾਰਾ",
        "userDefined": false
      }
    ],
    "isTemplate": false,
    "count": 0,
    "lang": "pa",
    "updated": 0
  },
  {
    "id": "51075174-bd40-40f0-8e02-0e2f16e975d5",
    "data": [
      {
        "text": "ਲੰਬੇ ਸਮੇਂ ਤੋਂ ਨਹੀਂ ਦੇਖਿਆ",
        "userDefined": false
      }
    ],
    "isTemplate": false,
    "count": 0,
    "lang": "pa",
    "updated": 0
  },
  {
    "id": "42a90d5e-8c7c-411c-8eb7-8bfc62e96137",
    "data": [
      {
        "text": "ਨਮਸਤੇ",
        "userDefined": false
      }
    ],
    "isTemplate": false,
    "count": 0,
    "lang": "pa",
    "updated": 0
  },
  {
    "id": "e7b49cf3-a2e5-40d8-ab7d-5b55684e58d4",
    "data": [
      {
        "text": "ਹੈਲੋ",
        "userDefined": false
      }
    ],
    "isTemplate": false,
    "count": 0,
    "lang": "pa",
    "updated": 0
  },
  {
    "id": "0b55a7d9-ab8a-478c-af6d-38c6c7b83a5c",
    "data": [
      {
        "text": "ਹੇ",
        "userDefined": true
      }
    ],
    "isTemplate": false,
    "count": 0,
    "lang": "pa",
    "updated": 0
  }
]