[
  {
    "id": "4f344292-e5b0-4dc9-82c7-408f9fa73a4f",
    "data": [
      {
        "text": "otp delay ho raha hai. mujhe kya kerna chahiye",
        "userDefined": false
      }
    ],
    "isTemplate": false,
    "count": 0,
    "lang": "hi",
    "updated": 0
  },
  {
    "id": "a1687d02-891b-4f59-985b-1d5ee3e61cf0",
    "data": [
      {
        "text": "otp aane me ",
        "userDefined": false
      },
      {
        "text": "kafi",
        "meta": "@sys.music-genre",
        "alias": "music-genre",
        "userDefined": false
      },
      {
        "text": " time lg rha ",
        "userDefined": false
      },
      {
        "text": "hai",
        "meta": "@sys.person",
        "alias": "person",
        "userDefined": false
      }
    ],
    "isTemplate": false,
    "count": 0,
    "lang": "hi",
    "updated": 0
  },
  {
    "id": "8d1b0fe2-cd7f-4d7b-b9f6-aabb6ac83d05",
    "data": [
      {
        "text": "मेरा ",
        "userDefined": false
      },
      {
        "text": "वन",
        "meta": "@sys.number",
        "alias": "number",
        "userDefined": false
      },
      {
        "text": " टाइम पासवर्ड ",
        "userDefined": false
      },
      {
        "text": "आने",
        "meta": "@sys.currency-name",
        "alias": "currency-name",
        "userDefined": false
      },
      {
        "text": " में अपेक्षा से अधिक समय लग रहा ह?",
        "userDefined": false
      }
    ],
    "isTemplate": false,
    "count": 0,
    "lang": "hi",
    "updated": 0
  },
  {
    "id": "1c51b9af-2e54-46e4-ae3a-9c2bc7fe431e",
    "data": [
      {
        "text": "क्या मेरा ",
        "userDefined": false
      },
      {
        "text": "वन",
        "meta": "@sys.date-time",
        "alias": "date-time",
        "userDefined": false
      },
      {
        "text": " टाइम पासवर्ड प्राप्त होने में देरी हो रही है?",
        "userDefined": false
      }
    ],
    "isTemplate": false,
    "count": 0,
    "lang": "hi",
    "updated": 0
  }
]