[
  {
    "id": "32f7a24b-e965-4fe5-8ac7-ed2730e20807",
    "data": [
      {
        "text": " otp ni miliya",
        "userDefined": false
      }
    ],
    "isTemplate": false,
    "count": 0,
    "lang": "pa",
    "updated": 0
  },
  {
    "id": "1ee3058f-c063-449c-93c2-6cf6fb295f98",
    "data": [
      {
        "text": "OTP ni",
        "userDefined": false
      }
    ],
    "isTemplate": false,
    "count": 1,
    "lang": "pa",
    "updated": 0
  },
  {
    "id": "bae099b0-6621-4188-a4ff-268609206882",
    "data": [
      {
        "text": "ਓਟੀਪੀ ਨਹੀਂ ਮਿਲਿਆ",
        "userDefined": false
      }
    ],
    "isTemplate": false,
    "count": 0,
    "lang": "pa",
    "updated": 0
  },
  {
    "id": "a898ebe6-8a3e-4c07-b9fb-0f3bbb327486",
    "data": [
      {
        "text": "ਮੈਨੂੰ OTP ਪ੍ਰਾਪਤ ਨਹੀਂ ਹੋਇਆ",
        "userDefined": false
      }
    ],
    "isTemplate": false,
    "count": 0,
    "lang": "pa",
    "updated": 0
  },
  {
    "id": "3eed8946-2929-4756-9451-cb7bba516139",
    "data": [
      {
        "text": "OTP ਨਹੀਂ ਕੀਤਾ",
        "userDefined": false
      }
    ],
    "isTemplate": false,
    "count": 0,
    "lang": "pa",
    "updated": 0
  },
  {
    "id": "5ec71bf6-87f7-4c23-96cd-aef814eabd13",
    "data": [
      {
        "text": " otp milan lai ki krna pauga",
        "userDefined": false
      }
    ],
    "isTemplate": false,
    "count": 0,
    "lang": "pa",
    "updated": 0
  },
  {
    "id": "5619c062-0596-4531-af77-8feb6c3ed214",
    "data": [
      {
        "text": "mainu hle tk otp ni miliya",
        "userDefined": false
      }
    ],
    "isTemplate": false,
    "count": 0,
    "lang": "pa",
    "updated": 0
  },
  {
    "id": "e6c0cbf0-5663-48ac-afe8-23f5c972b16c",
    "data": [
      {
        "text": "OTP",
        "userDefined": false
      }
    ],
    "isTemplate": false,
    "count": 0,
    "lang": "pa",
    "updated": 0
  }
]