[
  {
    "id": "e46f2d8e-055f-4144-90ec-da43995bdd13",
    "data": [
      {
        "text": "delay in otp. what should i do",
        "userDefined": false
      }
    ],
    "isTemplate": false,
    "count": 0,
    "lang": "en-in",
    "updated": 0
  },
  {
    "id": "b3dc3cab-e1fe-40b6-9536-2ea09301a125",
    "data": [
      {
        "text": "my OTP is taking longer to arrive than i thought it would be",
        "userDefined": false
      }
    ],
    "isTemplate": false,
    "count": 0,
    "lang": "en-in",
    "updated": 0
  },
  {
    "id": "6b225226-1b61-4985-bf7f-2ae60528c4bd",
    "data": [
      {
        "text": "my ",
        "userDefined": false
      },
      {
        "text": "one",
        "meta": "@sys.number",
        "alias": "number",
        "userDefined": false
      },
      {
        "text": " time password is taking longer than expected to arrive.",
        "userDefined": false
      }
    ],
    "isTemplate": false,
    "count": 0,
    "lang": "en-in",
    "updated": 0
  },
  {
    "id": "ca9ccaea-e15e-42a7-87a1-dad50880e5fb",
    "data": [
      {
        "text": "There is a delay in receiving my One Time Password?",
        "userDefined": false
      }
    ],
    "isTemplate": false,
    "count": 0,
    "lang": "en-in",
    "updated": 0
  }
]