[
  {
    "id": "9b55abd4-68ae-42d0-9ef5-1dd1639e8159",
    "data": [
      {
        "text": "didn\u0027t OTP",
        "userDefined": false
      }
    ],
    "isTemplate": false,
    "count": 0,
    "lang": "en",
    "updated": 0
  },
  {
    "id": "00d5326b-e3c1-47fc-9e16-1087d762c083",
    "data": [
      {
        "text": "I didnt receive OTP",
        "userDefined": false
      }
    ],
    "isTemplate": false,
    "count": 0,
    "lang": "en",
    "updated": 0
  },
  {
    "id": "a168bee6-1850-4278-a7db-971a2aa56f62",
    "data": [
      {
        "text": "have not otp",
        "userDefined": false
      }
    ],
    "isTemplate": false,
    "count": 0,
    "lang": "en",
    "updated": 0
  },
  {
    "id": "43cdef8d-5801-4674-9b99-d80f988eec5e",
    "data": [
      {
        "text": "didn\u0027t get otp",
        "userDefined": false
      }
    ],
    "isTemplate": false,
    "count": 0,
    "lang": "en",
    "updated": 0
  },
  {
    "id": "fbac3439-984c-41ff-ad2b-4feab4d2d943",
    "data": [
      {
        "text": "did not get otp",
        "userDefined": false
      }
    ],
    "isTemplate": false,
    "count": 0,
    "lang": "en",
    "updated": 0
  },
  {
    "id": "95266e89-5278-4310-925a-ac73ce1aabdd",
    "data": [
      {
        "text": "otp not working",
        "userDefined": false
      }
    ],
    "isTemplate": false,
    "count": 0,
    "lang": "en",
    "updated": 0
  },
  {
    "id": "9bc70090-d83b-4737-804c-8248588ed95a",
    "data": [
      {
        "text": "OTP late",
        "userDefined": false
      }
    ],
    "isTemplate": false,
    "count": 0,
    "lang": "en",
    "updated": 0
  },
  {
    "id": "0db930ac-caf1-4f6c-b8f0-83d35667d55d",
    "data": [
      {
        "text": "No OTP",
        "userDefined": false
      }
    ],
    "isTemplate": false,
    "count": 0,
    "lang": "en",
    "updated": 0
  },
  {
    "id": "e46f2d8e-055f-4144-90ec-da43995bdd13",
    "data": [
      {
        "text": "delay in otp. what should i do",
        "userDefined": false
      }
    ],
    "isTemplate": false,
    "count": 0,
    "lang": "en",
    "updated": 0
  },
  {
    "id": "b3dc3cab-e1fe-40b6-9536-2ea09301a125",
    "data": [
      {
        "text": "my OTP is taking longer to arrive than i thought it would be",
        "userDefined": false
      }
    ],
    "isTemplate": false,
    "count": 0,
    "lang": "en",
    "updated": 0
  },
  {
    "id": "6b225226-1b61-4985-bf7f-2ae60528c4bd",
    "data": [
      {
        "text": "my ",
        "userDefined": false
      },
      {
        "text": "one",
        "meta": "@sys.number",
        "alias": "number",
        "userDefined": false
      },
      {
        "text": " time password is taking longer than expected to arrive.",
        "userDefined": false
      }
    ],
    "isTemplate": false,
    "count": 0,
    "lang": "en",
    "updated": 0
  },
  {
    "id": "ca9ccaea-e15e-42a7-87a1-dad50880e5fb",
    "data": [
      {
        "text": "There is a delay in receiving my One Time Password?",
        "userDefined": false
      }
    ],
    "isTemplate": false,
    "count": 0,
    "lang": "en",
    "updated": 0
  }
]