[
  {
    "id": "6d97f64d-4c29-4e36-9c75-f26af44eeac1",
    "data": [
      {
        "text": "kya hum registration kar sakte hai agr hamare pass hamara khud ka phone number nhi hai",
        "userDefined": false
      }
    ],
    "isTemplate": false,
    "count": 0,
    "lang": "hi",
    "updated": 0
  },
  {
    "id": "c3625cfa-91b2-4dfb-9765-aa7f03fb14e9",
    "data": [
      {
        "text": "mere",
        "meta": "@sys.location",
        "alias": "location",
        "userDefined": false
      },
      {
        "text": " pass ",
        "userDefined": false
      },
      {
        "text": "mera",
        "meta": "@sys.last-name",
        "alias": "last-name",
        "userDefined": false
      },
      {
        "text": " khud ",
        "userDefined": false
      },
      {
        "text": "ka mobile number nahi hai .me",
        "meta": "@sys.url",
        "alias": "url",
        "userDefined": false
      },
      {
        "text": " registration kaise kro",
        "userDefined": false
      }
    ],
    "isTemplate": false,
    "count": 0,
    "lang": "hi",
    "updated": 0
  },
  {
    "id": "d199e22f-cffc-4bb7-bf54-e15e36715f78",
    "data": [
      {
        "text": "मेरे पास व्यक्तिगत मोबाइल नंबर नहीं है, मैं पंजीकरण कैसे पूरा करूं?",
        "userDefined": false
      }
    ],
    "isTemplate": false,
    "count": 0,
    "lang": "hi",
    "updated": 0
  }
]