[
  {
    "id": "1db897cd-1efc-4214-80ca-ba77af0bd7d4",
    "data": [
      {
        "text": "I don\u0027t possess a personal mobile number, so how can I finalize the registration?",
        "userDefined": false
      }
    ],
    "isTemplate": false,
    "count": 0,
    "lang": "en-in",
    "updated": 0
  },
  {
    "id": "ad9fc887-67c7-4f2e-83dd-c9d0a7a37197",
    "data": [
      {
        "text": "I lack my own mobile number, so what should I do to finish the registration process?",
        "userDefined": false
      }
    ],
    "isTemplate": false,
    "count": 0,
    "lang": "en-in",
    "updated": 0
  },
  {
    "id": "c3ce7afa-6525-491c-90bd-9dcc299bb4c3",
    "data": [
      {
        "text": ". I do not have a personal mobile number, how do I complete registration?",
        "userDefined": false
      }
    ],
    "isTemplate": false,
    "count": 0,
    "lang": "en-in",
    "updated": 0
  }
]