[
  {
    "id": "aaaf3fa3-aae8-46dd-83eb-0182b350f0a6",
    "data": [
      {
        "text": "जॉब पोस्टिंग edit",
        "userDefined": false
      }
    ],
    "isTemplate": false,
    "count": 0,
    "lang": "hi",
    "updated": 0
  },
  {
    "id": "59c0b2e7-ecdd-4dd4-9830-7b1ca803d6a4",
    "data": [
      {
        "text": "job live ",
        "userDefined": false
      },
      {
        "text": "karne",
        "userDefined": false
      },
      {
        "text": " ke ",
        "userDefined": false
      },
      {
        "text": "baad",
        "userDefined": false
      },
      {
        "text": " edit",
        "userDefined": false
      }
    ],
    "isTemplate": false,
    "count": 0,
    "lang": "hi",
    "updated": 0
  },
  {
    "id": "ccd7a9f0-868c-468d-81a1-605f44717797",
    "data": [
      {
        "text": "job ",
        "userDefined": false
      },
      {
        "text": "post",
        "userDefined": false
      },
      {
        "text": " ko edit",
        "userDefined": false
      }
    ],
    "isTemplate": false,
    "count": 0,
    "lang": "hi",
    "updated": 0
  },
  {
    "id": "be42765c-42bb-4717-8c5f-ce2ceafe01f5",
    "data": [
      {
        "text": "क्या हम जॉब पोस्टिंग को लाइव करने के बाद उसे संपादित कर सकते हैं",
        "userDefined": false
      }
    ],
    "isTemplate": false,
    "count": 0,
    "lang": "hi",
    "updated": 0
  }
]