[
  {
    "id": "55d73e11-7785-4a43-945c-72f24b972a17",
    "data": [
      {
        "text": "job post edit live",
        "userDefined": false
      }
    ],
    "isTemplate": false,
    "count": 0,
    "lang": "en",
    "updated": 0
  },
  {
    "id": "f55b203c-596b-4fd7-bf1d-96b64de7861a",
    "data": [
      {
        "text": "correct job post after posting live",
        "userDefined": false
      }
    ],
    "isTemplate": false,
    "count": 0,
    "lang": "en",
    "updated": 0
  },
  {
    "id": "ff457220-7a55-4786-8cc5-85b090ddb400",
    "data": [
      {
        "text": "edit job post after live",
        "userDefined": false
      }
    ],
    "isTemplate": false,
    "count": 0,
    "lang": "en",
    "updated": 0
  },
  {
    "id": "23a37cea-c8ce-4f07-a347-76b5805b5fca",
    "data": [
      {
        "text": "Can we edit the job posting once we made them live",
        "userDefined": false
      }
    ],
    "isTemplate": false,
    "count": 0,
    "lang": "en",
    "updated": 0
  }
]