[
  {
    "id": "8053fc7d-5cbf-4ea7-a254-a4757e622741",
    "data": [
      {
        "text": "portal par registration ke liye eligibility criteria kya ",
        "userDefined": false
      },
      {
        "text": "hai",
        "userDefined": false
      }
    ],
    "isTemplate": false,
    "count": 0,
    "lang": "hi",
    "updated": 0
  },
  {
    "id": "198a9851-8939-49da-b6ec-ab2464f993e5",
    "data": [
      {
        "text": "PGRKAM",
        "userDefined": false
      },
      {
        "text": " पोर्टल पर पंजीकरण के लिए पात्रता मानदंड क्या है?",
        "userDefined": false
      }
    ],
    "isTemplate": false,
    "count": 0,
    "lang": "hi",
    "updated": 0
  }
]