[
  {
    "id": "a62470d0-5dfb-4f71-b61c-0661a6c0c93b",
    "data": [
      {
        "text": "Criteria to be eligible",
        "userDefined": false
      }
    ],
    "isTemplate": false,
    "count": 0,
    "lang": "en",
    "updated": 0
  },
  {
    "id": "00064c73-fe0c-4c91-9c83-0cfa0c5fab2b",
    "data": [
      {
        "text": "Eligibility",
        "userDefined": false
      }
    ],
    "isTemplate": false,
    "count": 0,
    "lang": "en",
    "updated": 0
  },
  {
    "id": "e2985cc9-d6d1-4c7c-9a4a-3e3ede786a55",
    "data": [
      {
        "text": "Eligible",
        "userDefined": false
      }
    ],
    "isTemplate": false,
    "count": 0,
    "lang": "en",
    "updated": 0
  },
  {
    "id": "ad878fa8-ecba-4e20-be62-43e369b7a055",
    "data": [
      {
        "text": "eligibility criteria for registering on this platform",
        "userDefined": false
      }
    ],
    "isTemplate": false,
    "count": 0,
    "lang": "en",
    "updated": 0
  },
  {
    "id": "99b7d11e-380e-4efa-9309-2c17bc560211",
    "data": [
      {
        "text": "eligible to register",
        "userDefined": false
      }
    ],
    "isTemplate": false,
    "count": 0,
    "lang": "en",
    "updated": 0
  },
  {
    "id": "6fdec9ab-ad77-420e-af62-358886f84ffc",
    "data": [
      {
        "text": "eligibility for registration",
        "userDefined": false
      }
    ],
    "isTemplate": false,
    "count": 0,
    "lang": "en",
    "updated": 0
  },
  {
    "id": "3b5606a3-a1ca-4d35-a59d-9551848859c7",
    "data": [
      {
        "text": "What is the eligibility criteria for registering on PGRKAM Portal?",
        "userDefined": false
      }
    ],
    "isTemplate": false,
    "count": 0,
    "lang": "en",
    "updated": 0
  }
]