[
  {
    "id": "ad878fa8-ecba-4e20-be62-43e369b7a055",
    "data": [
      {
        "text": "eligibility criteria for registering on this platform",
        "userDefined": false
      }
    ],
    "isTemplate": false,
    "count": 0,
    "lang": "en-in",
    "updated": 0
  },
  {
    "id": "99b7d11e-380e-4efa-9309-2c17bc560211",
    "data": [
      {
        "text": "eligible to register",
        "userDefined": false
      }
    ],
    "isTemplate": false,
    "count": 0,
    "lang": "en-in",
    "updated": 0
  },
  {
    "id": "6fdec9ab-ad77-420e-af62-358886f84ffc",
    "data": [
      {
        "text": "eligibility for registration",
        "userDefined": false
      }
    ],
    "isTemplate": false,
    "count": 0,
    "lang": "en-in",
    "updated": 0
  },
  {
    "id": "3b5606a3-a1ca-4d35-a59d-9551848859c7",
    "data": [
      {
        "text": "What is the eligibility criteria for registering on PGRKAM Portal?",
        "userDefined": false
      }
    ],
    "isTemplate": false,
    "count": 0,
    "lang": "en-in",
    "updated": 0
  }
]