[
  {
    "id": "503f4d08-08ff-40f6-acd5-579435920948",
    "data": [
      {
        "text": "PGRKAM ਪੋਰਟਲ \u0027ਤੇ ਰਜਿਸਟਰ ਕਰਨ ਲਈ ਯੋਗਤਾ ਦੇ ਮਾਪਦੰਡ ਕੀ ਹਨ?",
        "userDefined": false
      }
    ],
    "isTemplate": false,
    "count": 0,
    "lang": "pa",
    "updated": 0
  },
  {
    "id": "fd17f27d-5d1d-4a5a-88c2-6305cf521fc8",
    "data": [
      {
        "text": "ਇਸ ਪਲੇਟਫਾਰਮ \u0027ਤੇ ਰਜਿਸਟਰ ਕਰਨ ਲਈ ਯੋਗਤਾ ਦੇ ਮਾਪਦੰਡ",
        "userDefined": false
      }
    ],
    "isTemplate": false,
    "count": 0,
    "lang": "pa",
    "updated": 0
  },
  {
    "id": "9b554487-27dd-4129-adf4-3c95ba001523",
    "data": [
      {
        "text": "Eligible",
        "userDefined": false
      }
    ],
    "isTemplate": false,
    "count": 0,
    "lang": "pa",
    "updated": 0
  },
  {
    "id": "4b1118b9-d80f-452f-8b4d-129ad1f22c3f",
    "data": [
      {
        "text": "ਯੋਗਤਾ",
        "userDefined": false
      }
    ],
    "isTemplate": false,
    "count": 0,
    "lang": "pa",
    "updated": 0
  }
]