[
  {
    "id": "e9adf874-bec2-4d5d-8019-aa890dd78788",
    "data": [
      {
        "text": "mai",
        "userDefined": false
      },
      {
        "text": " ",
        "userDefined": false
      },
      {
        "text": "angrezi",
        "userDefined": false
      },
      {
        "text": " ",
        "userDefined": false
      },
      {
        "text": "nhi",
        "userDefined": false
      },
      {
        "text": " ",
        "userDefined": false
      },
      {
        "text": "janta hu",
        "userDefined": false
      },
      {
        "text": " ",
        "userDefined": false
      },
      {
        "text": "mai",
        "userDefined": false
      },
      {
        "text": " kya karu",
        "userDefined": false
      }
    ],
    "isTemplate": false,
    "count": 0,
    "lang": "hi",
    "updated": 0
  },
  {
    "id": "08c8a74e-58b1-4d94-98d3-9bec0cac0e6c",
    "data": [
      {
        "text": "मैं ",
        "userDefined": false
      },
      {
        "text": "अंग्रेजी",
        "userDefined": false
      },
      {
        "text": " नहीं जानता और फॉर्म नहीं भर सकता। इससे बाहर निकलने ",
        "userDefined": false
      },
      {
        "text": "का रास्ता",
        "userDefined": false
      },
      {
        "text": " क्या है?",
        "userDefined": false
      }
    ],
    "isTemplate": false,
    "count": 0,
    "lang": "hi",
    "updated": 0
  }
]