[
  {
    "id": "6ae2a7b2-9311-4ff1-acaa-ef87dc8c8cef",
    "data": [
      {
        "text": "no english",
        "userDefined": false
      }
    ],
    "isTemplate": false,
    "count": 0,
    "lang": "en",
    "updated": 0
  },
  {
    "id": "8a8d549a-7eac-4a74-9ab2-248b8be63070",
    "data": [
      {
        "text": "can I fill the form without knowing ",
        "userDefined": false
      },
      {
        "text": "English",
        "meta": "@sys.language",
        "alias": "language",
        "userDefined": false
      }
    ],
    "isTemplate": false,
    "count": 0,
    "lang": "en",
    "updated": 0
  },
  {
    "id": "715dc3b8-a7bf-49a2-9a03-c75e5bf42841",
    "data": [
      {
        "text": "I don\u0027t speak ",
        "userDefined": false
      },
      {
        "text": "English",
        "meta": "@sys.language",
        "alias": "language",
        "userDefined": false
      },
      {
        "text": ", how can I fill the form",
        "userDefined": false
      }
    ],
    "isTemplate": false,
    "count": 0,
    "lang": "en",
    "updated": 0
  },
  {
    "id": "eca0efe5-0aeb-406e-8ca5-527ab629854a",
    "data": [
      {
        "text": "I do not know ",
        "userDefined": false
      },
      {
        "text": "English",
        "meta": "@sys.language",
        "alias": "language",
        "userDefined": false
      },
      {
        "text": " and cannot fill the form. What is the way out?",
        "userDefined": false
      }
    ],
    "isTemplate": false,
    "count": 0,
    "lang": "en",
    "updated": 0
  }
]