[
  {
    "id": "6e9fb82f-f6d9-4721-b273-57a237af7cda",
    "data": [
      {
        "text": "mujhe form bharte time kuch kuch jaga error aa raha hai",
        "userDefined": false
      }
    ],
    "isTemplate": false,
    "count": 0,
    "lang": "hi",
    "updated": 0
  },
  {
    "id": "09d816e4-ca8f-4e1e-b989-21cca9f04072",
    "data": [
      {
        "text": "mushkil ",
        "userDefined": false
      },
      {
        "text": "ho",
        "meta": "@sys.last-name",
        "alias": "last-name",
        "userDefined": false
      },
      {
        "text": " ",
        "userDefined": false
      },
      {
        "text": "rahi",
        "meta": "@sys.last-name",
        "alias": "last-name",
        "userDefined": false
      },
      {
        "text": " ",
        "userDefined": false
      },
      {
        "text": "hai",
        "meta": "@sys.person",
        "alias": "person",
        "userDefined": false
      },
      {
        "text": " form bharte time mujhe kya ",
        "userDefined": false
      },
      {
        "text": "kerna",
        "meta": "@sys.last-name",
        "alias": "last-name",
        "userDefined": false
      },
      {
        "text": " cahiye",
        "userDefined": false
      }
    ],
    "isTemplate": false,
    "count": 0,
    "lang": "hi",
    "updated": 0
  },
  {
    "id": "45381700-134d-4c8d-a390-bb812b2f7b4b",
    "data": [
      {
        "text": "form bharte time mujhe error aa ",
        "userDefined": false
      },
      {
        "text": "raha",
        "meta": "@sys.last-name",
        "alias": "last-name",
        "userDefined": false
      },
      {
        "text": " ",
        "userDefined": false
      },
      {
        "text": "hai",
        "meta": "@sys.person",
        "alias": "person",
        "userDefined": false
      }
    ],
    "isTemplate": false,
    "count": 0,
    "lang": "hi",
    "updated": 0
  },
  {
    "id": "8758d1ff-b02f-4687-a6a6-3b23d1cb2e66",
    "data": [
      {
        "text": "फॉर्म भरने का प्रयास करते समय मुझे कुछ त्रुटि आ रही है?",
        "userDefined": false
      }
    ],
    "isTemplate": false,
    "count": 0,
    "lang": "hi",
    "updated": 0
  }
]