[
  {
    "id": "6a68da78-da71-4cd4-89e8-c8ba3a4e1797",
    "data": [
      {
        "text": "i\u0027m encountering an error when attempting to complete the form.",
        "userDefined": false
      }
    ],
    "isTemplate": false,
    "count": 0,
    "lang": "en-in",
    "updated": 0
  },
  {
    "id": "ed0823e3-80e6-4632-83a5-836d24b058df",
    "data": [
      {
        "text": "while filling the form, i am facing some error",
        "userDefined": false
      }
    ],
    "isTemplate": false,
    "count": 0,
    "lang": "en-in",
    "updated": 0
  },
  {
    "id": "8951dfe3-a135-4c93-bfb9-357fa4ba7d9a",
    "data": [
      {
        "text": "I\u0027m getting some error while trying to fill form?",
        "userDefined": false
      }
    ],
    "isTemplate": false,
    "count": 0,
    "lang": "en-in",
    "updated": 0
  }
]