[
  {
    "id": "a57c9c86-a98e-4ecc-b9a4-de7a8e5db671",
    "data": [
      {
        "text": "Am I eligible to participate in job fairs",
        "userDefined": false
      }
    ],
    "isTemplate": false,
    "count": 0,
    "lang": "en",
    "updated": 0
  },
  {
    "id": "6c6cb1f4-5795-4887-bd8b-90a3bd86ced3",
    "data": [
      {
        "text": "Can I attend job fairs",
        "userDefined": false
      }
    ],
    "isTemplate": false,
    "count": 0,
    "lang": "en",
    "updated": 0
  },
  {
    "id": "aae9cdfc-8788-4f24-ad9a-9eef61746d68",
    "data": [
      {
        "text": "Job fairs",
        "userDefined": false
      }
    ],
    "isTemplate": false,
    "count": 0,
    "lang": "en",
    "updated": 0
  },
  {
    "id": "2d8dd44e-9a0b-4480-9717-13aca77d6cbd",
    "data": [
      {
        "text": "Do you host job fairs? OR Can I take part in job fairs?",
        "userDefined": false
      }
    ],
    "isTemplate": false,
    "count": 0,
    "lang": "en",
    "updated": 0
  },
  {
    "id": "7fc93db1-6aa1-452e-9f23-b49ec130adaa",
    "data": [
      {
        "text": "Do you organize job fairs?",
        "userDefined": false
      }
    ],
    "isTemplate": false,
    "count": 0,
    "lang": "en",
    "updated": 0
  },
  {
    "id": "ca1881dc-f349-46bf-bbb4-6c39b0ed0e0d",
    "data": [
      {
        "text": "Do you do job fairs?",
        "userDefined": false
      }
    ],
    "isTemplate": false,
    "count": 0,
    "lang": "en",
    "updated": 0
  }
]