[
  {
    "id": "2d8dd44e-9a0b-4480-9717-13aca77d6cbd",
    "data": [
      {
        "text": "Do you host job fairs? OR Can I take part in job fairs?",
        "userDefined": false
      }
    ],
    "isTemplate": false,
    "count": 0,
    "lang": "en-in",
    "updated": 0
  },
  {
    "id": "7fc93db1-6aa1-452e-9f23-b49ec130adaa",
    "data": [
      {
        "text": "Do you organize job fairs? OR Am I eligible to participate in job fairs?",
        "userDefined": false
      }
    ],
    "isTemplate": false,
    "count": 0,
    "lang": "en-in",
    "updated": 0
  },
  {
    "id": "ca1881dc-f349-46bf-bbb4-6c39b0ed0e0d",
    "data": [
      {
        "text": "Do you do job fairs? OR Can I attend job fairs?",
        "userDefined": false
      }
    ],
    "isTemplate": false,
    "count": 0,
    "lang": "en-in",
    "updated": 0
  }
]