[
  {
    "id": "3eafa914-a014-4efe-9a7d-34f7fbb24eeb",
    "data": [
      {
        "text": "mai",
        "userDefined": false
      },
      {
        "text": " job fairs kaise attend ",
        "userDefined": false
      },
      {
        "text": "kar",
        "userDefined": false
      },
      {
        "text": " skta ",
        "userDefined": false
      },
      {
        "text": "hu",
        "userDefined": false
      },
      {
        "text": "?",
        "userDefined": false
      }
    ],
    "isTemplate": false,
    "count": 0,
    "lang": "hi",
    "updated": 0
  },
  {
    "id": "8451c107-215b-4e6f-a87e-dee42952fb1f",
    "data": [
      {
        "text": "क्या आप ",
        "userDefined": false
      },
      {
        "text": "रोजगार",
        "userDefined": false
      },
      {
        "text": " मेलों का आयोजन करते हैं? या क्या मैं ",
        "userDefined": false
      },
      {
        "text": "नौकरी",
        "userDefined": false
      },
      {
        "text": " मेलों में भाग ",
        "userDefined": false
      },
      {
        "text": "ले",
        "userDefined": false
      },
      {
        "text": " सकता हूँ?",
        "userDefined": false
      }
    ],
    "isTemplate": false,
    "count": 0,
    "lang": "hi",
    "updated": 0
  },
  {
    "id": "32eb9046-6a1c-4a65-9de8-f3dbc8d80ac9",
    "data": [
      {
        "text": "क्या आप ",
        "userDefined": false
      },
      {
        "text": "रोजगार मेले",
        "userDefined": false
      },
      {
        "text": " आयोजित करते हैं? या क्या मैं ",
        "userDefined": false
      },
      {
        "text": "नौकरी",
        "userDefined": false
      },
      {
        "text": " मेलों में हिस्सा ",
        "userDefined": false
      },
      {
        "text": "ले",
        "userDefined": false
      },
      {
        "text": " सकता हूँ?",
        "userDefined": false
      }
    ],
    "isTemplate": false,
    "count": 0,
    "lang": "hi",
    "updated": 0
  },
  {
    "id": "f7fdf6e1-4462-47f5-a20e-4033ba79fdfc",
    "data": [
      {
        "text": "क्या आप ",
        "userDefined": false
      },
      {
        "text": "रोजगार मेले",
        "userDefined": false
      },
      {
        "text": " लगाते हैं? या क्या मैं ",
        "userDefined": false
      },
      {
        "text": "नौकरी",
        "userDefined": false
      },
      {
        "text": " मेलों में भाग ",
        "userDefined": false
      },
      {
        "text": "ले",
        "userDefined": false
      },
      {
        "text": " सकता हूँ?",
        "userDefined": false
      }
    ],
    "isTemplate": false,
    "count": 0,
    "lang": "hi",
    "updated": 0
  }
]