[
  {
    "id": "07e047ac-2fbe-4bf3-8cec-6ca98b1f1be5",
    "data": [
      {
        "text": "kisi ",
        "userDefined": false
      },
      {
        "text": "ko",
        "userDefined": false
      },
      {
        "text": " ",
        "userDefined": false
      },
      {
        "text": "hire",
        "userDefined": false
      },
      {
        "text": " ",
        "userDefined": false
      },
      {
        "text": "karne",
        "userDefined": false
      },
      {
        "text": " ",
        "userDefined": false
      },
      {
        "text": "ke",
        "userDefined": false
      },
      {
        "text": " liye mujhe kya ",
        "userDefined": false
      },
      {
        "text": "paise",
        "userDefined": false
      },
      {
        "text": " ",
        "userDefined": false
      },
      {
        "text": "dene",
        "userDefined": false
      },
      {
        "text": " padenge",
        "userDefined": false
      }
    ],
    "isTemplate": false,
    "count": 0,
    "lang": "hi",
    "updated": 0
  },
  {
    "id": "263a41de-784a-4d64-9633-9074ea6ce369",
    "data": [
      {
        "text": "kya mujhe ",
        "userDefined": false
      },
      {
        "text": "paise",
        "userDefined": false
      },
      {
        "text": " ",
        "userDefined": false
      },
      {
        "text": "dene",
        "userDefined": false
      },
      {
        "text": " padenge agar ",
        "userDefined": false
      },
      {
        "text": "mai",
        "userDefined": false
      },
      {
        "text": " kisi ko ",
        "userDefined": false
      },
      {
        "text": "hire",
        "userDefined": false
      },
      {
        "text": " karta hu",
        "userDefined": false
      }
    ],
    "isTemplate": false,
    "count": 0,
    "lang": "hi",
    "updated": 0
  },
  {
    "id": "a9ff12bd-8ace-4b04-b3fa-410720107fd3",
    "data": [
      {
        "text": "क्या मुझे किसी भी शुल्क का भुगतान करने की आवश्यकता है यदि मैं पोर्टल पर पाए गए ",
        "userDefined": false
      },
      {
        "text": "नौकरी",
        "userDefined": false
      },
      {
        "text": " चाहने वालों को किराए पर लेता हूं?",
        "userDefined": false
      }
    ],
    "isTemplate": false,
    "count": 0,
    "lang": "hi",
    "updated": 0
  }
]