[
  {
    "id": "17e4f533-cc68-4f8e-babd-0bf3d843df45",
    "data": [
      {
        "text": "how much money do I have to pay to hire someone",
        "userDefined": false
      }
    ],
    "isTemplate": false,
    "count": 0,
    "lang": "en-in",
    "updated": 0
  },
  {
    "id": "5e8e4528-5cee-4c8f-a65b-dd4c6ea08880",
    "data": [
      {
        "text": "money required for hiring someone",
        "userDefined": false
      }
    ],
    "isTemplate": false,
    "count": 0,
    "lang": "en-in",
    "updated": 0
  },
  {
    "id": "c0a236e3-b04d-485e-b84b-fdc45e71c610",
    "data": [
      {
        "text": "fee to the job seeker",
        "userDefined": false
      }
    ],
    "isTemplate": false,
    "count": 0,
    "lang": "en-in",
    "updated": 0
  },
  {
    "id": "ed7bbe58-f739-4ced-bf06-017ca889837b",
    "data": [
      {
        "text": "do I need to pay any fee to hire the job seeker",
        "userDefined": false
      }
    ],
    "isTemplate": false,
    "count": 0,
    "lang": "en-in",
    "updated": 0
  },
  {
    "id": "41cf218b-f1dc-4c74-b986-9d91609e56e9",
    "data": [
      {
        "text": "Do I need to pay any fee if I hire the job seekers I found on the portal?",
        "userDefined": false
      }
    ],
    "isTemplate": false,
    "count": 0,
    "lang": "en-in",
    "updated": 0
  }
]