[
  {
    "id": "43a3caa6-e2dc-4e4c-bc3d-1512aff7e3e8",
    "data": [
      {
        "text": "feedback kaise kare",
        "userDefined": false
      }
    ],
    "isTemplate": false,
    "count": 0,
    "lang": "hi",
    "updated": 0
  },
  {
    "id": "d95a4902-b08e-4d0c-84f2-fd132cf20774",
    "data": [
      {
        "text": "feedback kaise ",
        "userDefined": false
      },
      {
        "text": "de",
        "userDefined": false
      }
    ],
    "isTemplate": false,
    "count": 0,
    "lang": "hi",
    "updated": 0
  },
  {
    "id": "60903e17-b73e-4a38-9f54-5701e85fafd2",
    "data": [
      {
        "text": "shikayat kaise ",
        "userDefined": false
      },
      {
        "text": "kare",
        "userDefined": false
      }
    ],
    "isTemplate": false,
    "count": 0,
    "lang": "hi",
    "updated": 0
  },
  {
    "id": "0883d61e-73fe-446d-8924-8480f5577628",
    "data": [
      {
        "text": "agar mujhe portal ki shikayat karni hai toh ",
        "userDefined": false
      },
      {
        "text": "mai",
        "userDefined": false
      },
      {
        "text": " kya karu",
        "userDefined": false
      }
    ],
    "isTemplate": false,
    "count": 0,
    "lang": "hi",
    "updated": 0
  },
  {
    "id": "30ef5130-74e6-4373-92f0-4b146034330c",
    "data": [
      {
        "text": "यदि मुझे पोर्टल के लिए कोई शिकायत या प्रतिक्रिया है तो मुझे क्या करना?",
        "userDefined": false
      }
    ],
    "isTemplate": false,
    "count": 0,
    "lang": "hi",
    "updated": 0
  }
]