[
  {
    "id": "ac8a6669-cbc0-4589-a8c7-43ca49482ed1",
    "data": [
      {
        "text": "compalint",
        "userDefined": false
      }
    ],
    "isTemplate": false,
    "count": 0,
    "lang": "hi",
    "updated": 0
  },
  {
    "id": "7aef7712-a216-48f7-9214-7c76e631d197",
    "data": [
      {
        "text": "agar mujhe koi complaint ya feedback ",
        "userDefined": false
      },
      {
        "text": "deni",
        "userDefined": false
      },
      {
        "text": " ",
        "userDefined": false
      },
      {
        "text": "hai",
        "userDefined": false
      },
      {
        "text": " too ",
        "userDefined": false
      },
      {
        "text": "mai",
        "userDefined": false
      },
      {
        "text": " kaise ",
        "userDefined": false
      },
      {
        "text": "du",
        "userDefined": false
      },
      {
        "text": "?",
        "userDefined": false
      }
    ],
    "isTemplate": false,
    "count": 0,
    "lang": "hi",
    "updated": 0
  },
  {
    "id": "06e5651a-4772-4d57-a2e5-92446a4fe360",
    "data": [
      {
        "text": "मेरे पास पीजीआरकेएएम के खिलाफ कोई शिकायत या प्रतिक्रिया है, तो मैं कैसे कार्रवाई कर सकता हूँ?",
        "userDefined": false
      }
    ],
    "isTemplate": false,
    "count": 0,
    "lang": "hi",
    "updated": 0
  },
  {
    "id": "76b68967-3b1f-4a39-bb0e-ae3ef3a87b63",
    "data": [
      {
        "text": "यदि मेरे पास पीजीआरकेएएम के खिलाफ कोई शिकायत या प्रतिक्रिया है, तो मैं कैसे प्रक्रिया कर सकता हूँ?",
        "userDefined": false
      }
    ],
    "isTemplate": false,
    "count": 0,
    "lang": "hi",
    "updated": 0
  },
  {
    "id": "8723a845-f5d7-4c35-929b-ffd2bcde53b6",
    "data": [
      {
        "text": "यदि मेरे पास पीजीआरकेएएम के लिए कोई शिकायत या फीडबैक है तो मैं क्या करूं?",
        "userDefined": false
      }
    ],
    "isTemplate": false,
    "count": 0,
    "lang": "hi",
    "updated": 0
  }
]