[
  {
    "id": "b3f1ddd4-2f11-4893-a56d-4ac802ce7ee7",
    "data": [
      {
        "text": "feedback kithe dena h",
        "userDefined": false
      }
    ],
    "isTemplate": false,
    "count": 0,
    "lang": "pa",
    "updated": 0
  },
  {
    "id": "4efb4237-1da2-4da1-9bff-699701654103",
    "data": [
      {
        "text": "ਜੇਕਰ ਮੈਨੂੰ PGRKAM.com ਪੋਰਟਲ ਲਈ ਕੋਈ ਸ਼ਿਕਾਇਤ ਜਾਂ ਫੀਡਬੈਕ ਹੈ ਤਾਂ ਮੈਂ ਕੀ ਕਰਾਂ",
        "userDefined": false
      }
    ],
    "isTemplate": false,
    "count": 0,
    "lang": "pa",
    "updated": 0
  },
  {
    "id": "a7a9562e-d408-4efe-b98e-a4351d984e10",
    "data": [
      {
        "text": "ਫੀਡਬੈਕ ਕਿੱਥੇ ਦੇਣਾ ਹੈ",
        "userDefined": false
      }
    ],
    "isTemplate": false,
    "count": 0,
    "lang": "pa",
    "updated": 0
  },
  {
    "id": "dbcd801b-be3e-4569-8355-a7137121ff44",
    "data": [
      {
        "text": "ਮੈਂ ਫੀਡਬੈਕ ਦੇਣਾ ਚਾਹੁੰਦਾ ਹਾਂ, ਮੈਨੂੰ ਕਿੱਥੇ ਜਾਣਾ ਚਾਹੀਦਾ ਹੈ",
        "userDefined": false
      }
    ],
    "isTemplate": false,
    "count": 0,
    "lang": "pa",
    "updated": 0
  },
  {
    "id": "4f6ee521-2785-43ce-ab2e-d1deb3833302",
    "data": [
      {
        "text": "feedback",
        "userDefined": false
      }
    ],
    "isTemplate": false,
    "count": 0,
    "lang": "pa",
    "updated": 0
  },
  {
    "id": "c1354823-34de-4b04-b09d-c218c99ec35f",
    "data": [
      {
        "text": "ਫੀਡਬੈਕ ਵਿਕਲਪ",
        "userDefined": false
      }
    ],
    "isTemplate": false,
    "count": 0,
    "lang": "pa",
    "updated": 0
  }
]