[
  {
    "id": "d8dbc3eb-fc22-4c1e-af5c-70224d486a7f",
    "data": [
      {
        "text": "Complaint",
        "userDefined": false
      }
    ],
    "isTemplate": false,
    "count": 0,
    "lang": "en",
    "updated": 0
  },
  {
    "id": "3a659d54-60c4-4ecc-8575-86da70af7e1f",
    "data": [
      {
        "text": "feedback",
        "userDefined": false
      }
    ],
    "isTemplate": false,
    "count": 0,
    "lang": "en",
    "updated": 0
  },
  {
    "id": "9bd036c2-c143-4594-bb6b-6d1026ce738c",
    "data": [
      {
        "text": "What is the recommended course of action if I wish to express a grievance or provide feedback to PGRKAM?",
        "userDefined": false
      }
    ],
    "isTemplate": false,
    "count": 0,
    "lang": "en",
    "updated": 0
  },
  {
    "id": "45af8e38-bee6-405c-abb2-a7874e929319",
    "data": [
      {
        "text": "How should I proceed if I have a complaint or feedback to share with PGRKAM?",
        "userDefined": false
      }
    ],
    "isTemplate": false,
    "count": 0,
    "lang": "en",
    "updated": 0
  },
  {
    "id": "f6e2aaf6-2c39-4f23-81a0-be5a81fbfa90",
    "data": [
      {
        "text": "What do I do if I have a grievance or a feedback for PGRKAM?",
        "userDefined": false
      }
    ],
    "isTemplate": false,
    "count": 0,
    "lang": "en",
    "updated": 0
  }
]