[
  {
    "id": "8bfb6208-7c84-4301-94d8-1a9782b4e9e5",
    "data": [
      {
        "text": "Feedback option",
        "userDefined": false
      }
    ],
    "isTemplate": false,
    "count": 1,
    "lang": "en",
    "updated": 0
  },
  {
    "id": "48745420-82b6-495c-b616-660550136375",
    "data": [
      {
        "text": "i want to give feedback, where should I go",
        "userDefined": false
      }
    ],
    "isTemplate": false,
    "count": 0,
    "lang": "en",
    "updated": 0
  },
  {
    "id": "bb48ff19-7427-4f9f-8ef4-dc0fca8e7e42",
    "data": [
      {
        "text": "where to give the feedback",
        "userDefined": false
      }
    ],
    "isTemplate": false,
    "count": 0,
    "lang": "en",
    "updated": 0
  },
  {
    "id": "18dec1ef-981e-4caa-b9cb-20777a7750d6",
    "data": [
      {
        "text": "feedback",
        "userDefined": false
      }
    ],
    "isTemplate": false,
    "count": 0,
    "lang": "en",
    "updated": 0
  },
  {
    "id": "4994f9ab-2a7e-49cf-b3a0-89ed5b99cb1b",
    "data": [
      {
        "text": "What do I do if I have a grievance or a feedback for ",
        "userDefined": false
      },
      {
        "text": "PGRKAM.com",
        "meta": "@sys.url",
        "alias": "url",
        "userDefined": false
      },
      {
        "text": " portal?",
        "userDefined": false
      }
    ],
    "isTemplate": false,
    "count": 0,
    "lang": "en",
    "updated": 0
  }
]