[
  {
    "id": "1941ae6c-20e3-4e41-9f6c-9cce35be57e9",
    "data": [
      {
        "text": "cv posting fees",
        "userDefined": false
      }
    ],
    "isTemplate": false,
    "count": 0,
    "lang": "hi",
    "updated": 0
  },
  {
    "id": "2b2f453b-e4a0-40c7-8d49-d65a344ad72f",
    "data": [
      {
        "text": "mujhe apni cv ",
        "userDefined": false
      },
      {
        "text": "post",
        "userDefined": false
      },
      {
        "text": " krne ke liye fees ",
        "userDefined": false
      },
      {
        "text": "deni",
        "userDefined": false
      },
      {
        "text": " pdegi kya?",
        "userDefined": false
      }
    ],
    "isTemplate": false,
    "count": 0,
    "lang": "hi",
    "updated": 0
  },
  {
    "id": "1c7b5ec1-06a9-4c10-bd43-68c5261b2684",
    "data": [
      {
        "text": "क्या मुझे मेरे ",
        "userDefined": false
      },
      {
        "text": "सीवी",
        "userDefined": false
      },
      {
        "text": " अपलोड करने के लिए किसी प्रकार का शुल्क देना होगा?",
        "userDefined": false
      }
    ],
    "isTemplate": false,
    "count": 0,
    "lang": "hi",
    "updated": 0
  },
  {
    "id": "d0506f22-e06b-46da-82a4-76685585d79a",
    "data": [
      {
        "text": "क्या मुझे अपने ",
        "userDefined": false
      },
      {
        "text": "सीवी",
        "userDefined": false
      },
      {
        "text": " अपलोड करने के लिए कोई चार्ज देना होगा?",
        "userDefined": false
      }
    ],
    "isTemplate": false,
    "count": 0,
    "lang": "hi",
    "updated": 0
  },
  {
    "id": "c29a4cc5-39d4-42c7-8852-b186b632973f",
    "data": [
      {
        "text": "क्या मुझे अपना ",
        "userDefined": false
      },
      {
        "text": "सीवी पोस्ट",
        "userDefined": false
      },
      {
        "text": " करने के लिए कोई शुल्क देना होगा?",
        "userDefined": false
      }
    ],
    "isTemplate": false,
    "count": 0,
    "lang": "hi",
    "updated": 0
  }
]