[
  {
    "id": "d4647792-bfaf-42bf-aac0-59883cbe7aae",
    "data": [
      {
        "text": "Do I need to make a payment to upload my CV?",
        "userDefined": false
      }
    ],
    "isTemplate": false,
    "count": 0,
    "lang": "en-in",
    "updated": 0
  },
  {
    "id": "3931cafe-3007-438d-9530-8c54008843f7",
    "data": [
      {
        "text": "Is there a charge for uploading my CV?",
        "userDefined": false
      }
    ],
    "isTemplate": false,
    "count": 0,
    "lang": "en-in",
    "updated": 0
  },
  {
    "id": "217b71da-17a8-43ee-94ac-17a49b8a29b8",
    "data": [
      {
        "text": "Do I have to pay any fees to post my CV?",
        "userDefined": false
      }
    ],
    "isTemplate": false,
    "count": 0,
    "lang": "en-in",
    "updated": 0
  }
]