[
  {
    "id": "4d0362f2-5f83-4213-8ff3-bb6779ebf2ba",
    "data": [
      {
        "text": "private sector",
        "userDefined": false
      }
    ],
    "isTemplate": false,
    "count": 0,
    "lang": "en",
    "updated": 0
  },
  {
    "id": "73330df7-4f63-44ad-a070-afebc771f637",
    "data": [
      {
        "text": "private job",
        "userDefined": false
      }
    ],
    "isTemplate": false,
    "count": 0,
    "lang": "en",
    "updated": 0
  },
  {
    "id": "8ac57474-3d24-4b71-99fe-277c25406f19",
    "data": [
      {
        "text": "Is it possible to discover private sector job opportunities using PGRKAM?",
        "userDefined": false
      }
    ],
    "isTemplate": false,
    "count": 0,
    "lang": "en",
    "updated": 0
  },
  {
    "id": "874671d7-fa67-445d-9859-94b6ca6656d1",
    "data": [
      {
        "text": "Can I find a private sector job through PGRKAM?",
        "userDefined": false
      }
    ],
    "isTemplate": false,
    "count": 0,
    "lang": "en",
    "updated": 0
  }
]