[
  {
    "id": "7d1702a2-8558-4bc4-a72c-d03fc13df78e",
    "data": [
      {
        "text": "kya mujhe ",
        "userDefined": false
      },
      {
        "text": "private",
        "userDefined": false
      },
      {
        "text": " jobs milsakti ",
        "userDefined": false
      },
      {
        "text": "hai",
        "userDefined": false
      },
      {
        "text": " ?",
        "userDefined": false
      }
    ],
    "isTemplate": false,
    "count": 0,
    "lang": "hi",
    "updated": 0
  },
  {
    "id": "e7541d60-6922-49e3-ad97-2cc10a2cff2b",
    "data": [
      {
        "text": "क्या मुझे ",
        "userDefined": false
      },
      {
        "text": "PGRKAM",
        "userDefined": false
      },
      {
        "text": " के माध्यम से निजी क्षेत्र में ",
        "userDefined": false
      },
      {
        "text": "रोजगार",
        "userDefined": false
      },
      {
        "text": " प्राप्त हो सकता है?",
        "userDefined": false
      }
    ],
    "isTemplate": false,
    "count": 0,
    "lang": "hi",
    "updated": 0
  },
  {
    "id": "1894a0f1-3f40-41fc-a035-483f3e8d1fc3",
    "data": [
      {
        "text": "क्या मुझे ",
        "userDefined": false
      },
      {
        "text": "PGRKAM",
        "userDefined": false
      },
      {
        "text": " के माध्यम से निजी क्षेत्र में ",
        "userDefined": false
      },
      {
        "text": "नौकरी",
        "userDefined": false
      },
      {
        "text": " मिल सकती है?",
        "userDefined": false
      }
    ],
    "isTemplate": false,
    "count": 0,
    "lang": "hi",
    "updated": 0
  }
]