[
  {
    "id": "ef451b36-f584-478e-8e9d-ed02a3ab5c13",
    "data": [
      {
        "text": "mai",
        "userDefined": false
      },
      {
        "text": " potal par mere dwara bheji gayi shikayato ",
        "userDefined": false
      },
      {
        "text": "ka",
        "userDefined": false
      },
      {
        "text": " paalan kaise ",
        "userDefined": false
      },
      {
        "text": "kar",
        "userDefined": false
      },
      {
        "text": " sakta ",
        "userDefined": false
      },
      {
        "text": "hu",
        "userDefined": false
      }
    ],
    "isTemplate": false,
    "count": 0,
    "lang": "hi",
    "updated": 0
  },
  {
    "id": "05ab3c17-0f92-4196-bd14-248cc73be98c",
    "data": [
      {
        "text": "मैं ",
        "userDefined": false
      },
      {
        "text": "PGRKAM.com",
        "userDefined": false
      },
      {
        "text": " पोर्टल पर मेरे द्वारा प्रदान की गई शिकायतों या प्रतिक्रिया का पालन कैसे कर सकता हूं?",
        "userDefined": false
      }
    ],
    "isTemplate": false,
    "count": 0,
    "lang": "hi",
    "updated": 0
  }
]