[
  {
    "id": "0fe8ae4a-5941-4c1b-a9e3-72972989a07b",
    "data": [
      {
        "text": "how to follow up on the feedback given by me",
        "userDefined": false
      }
    ],
    "isTemplate": false,
    "count": 0,
    "lang": "en",
    "updated": 0
  },
  {
    "id": "99161f2b-b45b-4285-8c15-fcb45444dcb3",
    "data": [
      {
        "text": "How can I follow up on the grievances or feedback provided by me on PGRKAM.com portal?",
        "userDefined": false
      }
    ],
    "isTemplate": false,
    "count": 0,
    "lang": "en",
    "updated": 0
  }
]