[
  {
    "id": "ebc2b823-47dc-4f2a-b688-fed8273fb9fb",
    "data": [
      {
        "text": "क्या कोई ऐसी विधि है जिसके द्वारा मैं अपना पासवर्ड भूल जाने पर पुनः पहुंच प्राप्त कर सकता हूं?",
        "userDefined": false
      }
    ],
    "isTemplate": false,
    "count": 0,
    "lang": "hi",
    "updated": 0
  },
  {
    "id": "c4b22f5b-6162-4b4a-868e-a050ad19c0c3",
    "data": [
      {
        "text": "password bhul jaane per ",
        "userDefined": false
      },
      {
        "text": "kya",
        "userDefined": false
      },
      {
        "text": " ",
        "userDefined": false
      },
      {
        "text": "kar",
        "userDefined": false
      },
      {
        "text": " sakte ",
        "userDefined": false
      },
      {
        "text": "hai naya",
        "userDefined": false
      },
      {
        "text": " password banane ke liye",
        "userDefined": false
      }
    ],
    "isTemplate": false,
    "count": 0,
    "lang": "hi",
    "updated": 0
  },
  {
    "id": "0c8bee78-2531-47e2-ad61-a7ab3d6d6e31",
    "data": [
      {
        "text": "loging",
        "meta": "@sys.location",
        "alias": "location",
        "userDefined": false
      },
      {
        "text": " in time ",
        "userDefined": false
      },
      {
        "text": "per",
        "meta": "@sys.person",
        "alias": "person",
        "userDefined": false
      },
      {
        "text": " password bharte time incorrect password ",
        "userDefined": false
      },
      {
        "text": "aa",
        "meta": "@sys.location",
        "alias": "location1",
        "userDefined": false
      },
      {
        "text": " raha hai . mein kya karo",
        "userDefined": false
      }
    ],
    "isTemplate": false,
    "count": 0,
    "lang": "hi",
    "updated": 0
  },
  {
    "id": "0a894b5b-70e3-4d8b-9b72-3e794878b8f0",
    "data": [
      {
        "text": "agar mein apna password bhul jau toh mujhe kya kerna chahiye",
        "userDefined": false
      }
    ],
    "isTemplate": false,
    "count": 0,
    "lang": "hi",
    "updated": 0
  },
  {
    "id": "976b5162-51ba-45e8-9723-acc92f925cbd",
    "data": [
      {
        "text": "यदि मैं लॉग इन करते समय अपना पासवर्ड भूल जाऊं तो क्या होगा?",
        "userDefined": false
      }
    ],
    "isTemplate": false,
    "count": 0,
    "lang": "hi",
    "updated": 0
  }
]