[
  {
    "id": "03a1668d-9e82-4f3a-b212-fdd9b1c650e4",
    "data": [
      {
        "text": "Is there a method by which I can regain access if I happen to forget my password?",
        "userDefined": false
      }
    ],
    "isTemplate": false,
    "count": 0,
    "lang": "en-in",
    "updated": 0
  },
  {
    "id": "adfad05b-966a-4454-a11e-674b8a5fefc8",
    "data": [
      {
        "text": "What happens if I can\u0027t remember my password when trying to log in?",
        "userDefined": false
      }
    ],
    "isTemplate": false,
    "count": 0,
    "lang": "en-in",
    "updated": 0
  },
  {
    "id": "c177d0e1-ad7e-4553-9c48-9c950fdd1376",
    "data": [
      {
        "text": "is there any way from where i can log in again if i forget the password?",
        "userDefined": false
      }
    ],
    "isTemplate": false,
    "count": 0,
    "lang": "en-in",
    "updated": 0
  },
  {
    "id": "ee60ac04-3e95-462b-b6be-1c37c8205224",
    "data": [
      {
        "text": "what should i do if i forget the passwod.",
        "userDefined": false
      }
    ],
    "isTemplate": false,
    "count": 0,
    "lang": "en-in",
    "updated": 0
  },
  {
    "id": "39b5b618-d423-44b6-bdce-7be4d33ebe7b",
    "data": [
      {
        "text": "What if I forget my password while logging in?",
        "userDefined": false
      }
    ],
    "isTemplate": false,
    "count": 0,
    "lang": "en-in",
    "updated": 0
  }
]