[
  {
    "id": "b72a906f-d5ae-4864-8323-a01143770105",
    "data": [
      {
        "text": "future ",
        "userDefined": false
      },
      {
        "text": "naukri",
        "meta": "@sys.location",
        "alias": "location",
        "userDefined": false
      }
    ],
    "isTemplate": false,
    "count": 1,
    "lang": "hi",
    "updated": 0
  },
  {
    "id": "6ab09841-624f-46a4-b6d7-2cab7317b3fe",
    "data": [
      {
        "text": "aane vale time me ",
        "userDefined": false
      },
      {
        "text": "naukri",
        "meta": "@sys.location",
        "alias": "location",
        "userDefined": false
      }
    ],
    "isTemplate": false,
    "count": 0,
    "lang": "hi",
    "updated": 0
  },
  {
    "id": "326ec6d8-62ac-4872-9832-249a2cf71a15",
    "data": [
      {
        "text": "भविष्य नौकरियाँ",
        "userDefined": false
      }
    ],
    "isTemplate": false,
    "count": 0,
    "lang": "hi",
    "updated": 0
  },
  {
    "id": "fe623865-3122-4417-8b28-aced03600e12",
    "data": [
      {
        "text": "भविष्य",
        "userDefined": false
      }
    ],
    "isTemplate": false,
    "count": 0,
    "lang": "hi",
    "updated": 0
  },
  {
    "id": "150ecace-b625-4762-83c6-b6c03251b4e5",
    "data": [
      {
        "text": "भविष्य की नौकरियाँ क्या हैं?",
        "userDefined": false
      }
    ],
    "isTemplate": false,
    "count": 0,
    "lang": "hi",
    "updated": 0
  }
]