[
  {
    "id": "84dac68e-d1c2-4874-8d46-b69b1f7a9174",
    "data": [
      {
        "text": "future",
        "userDefined": false
      }
    ],
    "isTemplate": false,
    "count": 0,
    "lang": "en-in",
    "updated": 0
  },
  {
    "id": "6c7fed17-43f7-4da2-8d0c-6ceeb51fd5fa",
    "data": [
      {
        "text": "future job",
        "userDefined": false
      }
    ],
    "isTemplate": false,
    "count": 0,
    "lang": "en-in",
    "updated": 0
  },
  {
    "id": "0e552601-df65-44ca-9459-d1d3b285865f",
    "data": [
      {
        "text": "What are Future Jobs",
        "userDefined": false
      }
    ],
    "isTemplate": false,
    "count": 0,
    "lang": "en-in",
    "updated": 0
  }
]