[
  {
    "id": "ef4cfe25-b715-4d14-81f7-06e7202c9b29",
    "data": [
      {
        "text": "kya mujhe job milne guaranted hai ?",
        "userDefined": false
      }
    ],
    "isTemplate": false,
    "count": 0,
    "lang": "hi",
    "updated": 0
  },
  {
    "id": "3ce253c2-3d2d-4103-9291-997e15b7026b",
    "data": [
      {
        "text": "क्या आप मुझे ",
        "userDefined": false
      },
      {
        "text": "नौकरी",
        "userDefined": false
      },
      {
        "text": " प्राप्त करने की पूर्ण गारंटी ",
        "userDefined": false
      },
      {
        "text": "देंगे",
        "userDefined": false
      },
      {
        "text": "?",
        "userDefined": false
      }
    ],
    "isTemplate": false,
    "count": 0,
    "lang": "hi",
    "updated": 0
  },
  {
    "id": "c5afc236-8e93-4cc2-bc3b-19e79b102c04",
    "data": [
      {
        "text": "क्या आप मुझे ",
        "userDefined": false
      },
      {
        "text": "नौकरी",
        "userDefined": false
      },
      {
        "text": " दिलाने की गारंटी ",
        "userDefined": false
      },
      {
        "text": "देंगे",
        "userDefined": false
      },
      {
        "text": "?",
        "userDefined": false
      }
    ],
    "isTemplate": false,
    "count": 0,
    "lang": "hi",
    "updated": 0
  }
]