[
  {
    "id": "ad8683ed-41e8-4ace-af92-43d292451ac9",
    "data": [
      {
        "text": "guarantee job",
        "userDefined": false
      }
    ],
    "isTemplate": false,
    "count": 0,
    "lang": "en",
    "updated": 0
  },
  {
    "id": "7f7e3388-317e-45e2-8c98-eaf81573ab56",
    "data": [
      {
        "text": "Can you assure me of obtaining a job?",
        "userDefined": false
      }
    ],
    "isTemplate": false,
    "count": 0,
    "lang": "en",
    "updated": 0
  },
  {
    "id": "53f9d0b9-fbeb-4a59-be57-9c3fe65c7bf8",
    "data": [
      {
        "text": "Can you provide a ",
        "userDefined": false
      },
      {
        "text": "guarantee",
        "userDefined": true
      },
      {
        "text": " of securing employment for me?",
        "userDefined": false
      }
    ],
    "isTemplate": false,
    "count": 0,
    "lang": "en",
    "updated": 0
  },
  {
    "id": "87e88a9a-30f6-455e-840b-64bfbd0059b7",
    "data": [
      {
        "text": "Will you guarantee getting me a job?",
        "userDefined": false
      }
    ],
    "isTemplate": false,
    "count": 0,
    "lang": "en",
    "updated": 0
  }
]