[
  {
    "id": "706305bd-0e6d-4f98-a49b-d600f7a98fd1",
    "data": [
      {
        "text": "Does the portal support the recruitment of individuals",
        "userDefined": false
      }
    ],
    "isTemplate": false,
    "count": 0,
    "lang": "en",
    "updated": 0
  },
  {
    "id": "36aee161-b38f-47de-93ba-5a3d71a37913",
    "data": [
      {
        "text": "Is hiring through the portal an option",
        "userDefined": false
      }
    ],
    "isTemplate": false,
    "count": 0,
    "lang": "en",
    "updated": 0
  },
  {
    "id": "52ea3972-dbe7-42a1-bf5d-70b410742389",
    "data": [
      {
        "text": "Am I allowed to bring in personnel via the portal",
        "userDefined": false
      }
    ],
    "isTemplate": false,
    "count": 0,
    "lang": "en",
    "updated": 0
  },
  {
    "id": "cb762497-e1f9-4d88-abe1-d47dbff2a571",
    "data": [
      {
        "text": "Is it possible for me to recruit someone through the portal",
        "userDefined": false
      }
    ],
    "isTemplate": false,
    "count": 0,
    "lang": "en",
    "updated": 0
  },
  {
    "id": "9840c750-5749-41c2-874b-ab657e905f38",
    "data": [
      {
        "text": "Can I hire somebody from the portal",
        "userDefined": false
      }
    ],
    "isTemplate": false,
    "count": 0,
    "lang": "en",
    "updated": 0
  }
]