[
  {
    "id": "77302ff4-6e9b-4690-8177-dfc99ec93dd7",
    "data": [
      {
        "text": "What should I do if I don\u0027t have access to the internet and want to search for job opportunities?",
        "userDefined": false
      }
    ],
    "isTemplate": false,
    "count": 0,
    "lang": "en-in",
    "updated": 0
  },
  {
    "id": "d04e319a-c80c-4f6d-96b8-e43b31140615",
    "data": [
      {
        "text": "If I don\u0027t have an internet ",
        "userDefined": false
      },
      {
        "text": "connection",
        "userDefined": true
      },
      {
        "text": ", how can I go about looking for job opportunities?",
        "userDefined": false
      }
    ],
    "isTemplate": false,
    "count": 0,
    "lang": "en-in",
    "updated": 0
  },
  {
    "id": "031986cc-2b34-4b8d-94f0-4406cf31ac3b",
    "data": [
      {
        "text": "I do not have an internet connection, how do I search for jobs?",
        "userDefined": false
      }
    ],
    "isTemplate": false,
    "count": 0,
    "lang": "en-in",
    "updated": 0
  }
]