[
  {
    "id": "b79fc6b4-bf59-4afc-a3ec-8382e9c2844d",
    "data": [
      {
        "text": "अगर मेरे पास इंटरनेट कनेक्शन नहीं है, तो क्या कोई अन्य तरीका है जिससे मैं ",
        "userDefined": false
      },
      {
        "text": "नौकरी",
        "userDefined": false
      },
      {
        "text": " ढूँढ सकता/सकती हूँ?",
        "userDefined": false
      }
    ],
    "isTemplate": false,
    "count": 0,
    "lang": "hi",
    "updated": 0
  },
  {
    "id": "9de3c613-c600-47e2-a21b-5a9b1b1a0c37",
    "data": [
      {
        "text": "मेरे पास इंटरनेट कनेक्शन उपलब्ध नहीं है, ऐसे में मैं ",
        "userDefined": false
      },
      {
        "text": "नौकरी",
        "userDefined": false
      },
      {
        "text": " कैसे ढूँढ सकता/सकती हूँ?",
        "userDefined": false
      }
    ],
    "isTemplate": false,
    "count": 2,
    "lang": "hi",
    "updated": 0
  },
  {
    "id": "23455070-08f0-4e93-9733-272f823bde65",
    "data": [
      {
        "text": "मेरे पास इंटरनेट कनेक्शन नहीं है, मैं ",
        "userDefined": false
      },
      {
        "text": "नौकरी",
        "userDefined": false
      },
      {
        "text": " कैसे खोजूं?",
        "userDefined": false
      }
    ],
    "isTemplate": false,
    "count": 0,
    "lang": "hi",
    "updated": 0
  }
]