[
  {
    "id": "f7da94fe-f6b6-4cec-958f-1923a360fc35",
    "data": [
      {
        "text": "kya registration bina ID proof ke ho sakta hai",
        "userDefined": false
      }
    ],
    "isTemplate": false,
    "count": 0,
    "lang": "hi",
    "updated": 0
  },
  {
    "id": "688a695b-ec55-4a55-a8c1-91bb37387588",
    "data": [
      {
        "text": "agar mere pass ",
        "userDefined": false
      },
      {
        "text": "ID",
        "userDefined": false
      },
      {
        "text": " proof nahi hai toh mein register kaise karo",
        "userDefined": false
      }
    ],
    "isTemplate": false,
    "count": 0,
    "lang": "hi",
    "updated": 0
  },
  {
    "id": "a50171bd-3ee0-4962-8089-8729427e74a4",
    "data": [
      {
        "text": "kya mein ",
        "userDefined": false
      },
      {
        "text": "bina",
        "meta": "@sys.last-name",
        "alias": "last-name",
        "userDefined": false
      },
      {
        "text": " ID proof ke register ker sakta/",
        "userDefined": false
      },
      {
        "text": "sakti",
        "meta": "@sys.last-name",
        "alias": "last-name1",
        "userDefined": false
      },
      {
        "text": " ",
        "userDefined": false
      },
      {
        "text": "hu",
        "meta": "@sys.last-name",
        "alias": "last-name2",
        "userDefined": false
      }
    ],
    "isTemplate": false,
    "count": 0,
    "lang": "hi",
    "updated": 0
  },
  {
    "id": "fcd0864a-80a6-4980-ba21-c2767affe241",
    "data": [
      {
        "text": "अगर मेरे पास आईडी प्रूफ नहीं है तो मुझे पंजीकरण के लिए क्या करना चाहिए?",
        "userDefined": false
      }
    ],
    "isTemplate": false,
    "count": 0,
    "lang": "hi",
    "updated": 0
  },
  {
    "id": "3ab4baa9-a658-4992-b237-9274d41b7b20",
    "data": [
      {
        "text": "मेरे पास आईडी प्रूफ नहीं है",
        "userDefined": false
      }
    ],
    "isTemplate": false,
    "count": 0,
    "lang": "hi",
    "updated": 0
  }
]