[
  {
    "id": "0bec6eef-90d1-4c95-86a7-e0f9dfa8f735",
    "data": [
      {
        "text": "can i register even i don\u0027t have any ID proof",
        "userDefined": false
      }
    ],
    "isTemplate": false,
    "count": 0,
    "lang": "en-in",
    "updated": 0
  },
  {
    "id": "1f6111d8-7803-4a1f-bd20-55022590846b",
    "data": [
      {
        "text": "is ID proof is necessary for registration?",
        "userDefined": false
      }
    ],
    "isTemplate": false,
    "count": 0,
    "lang": "en-in",
    "updated": 0
  },
  {
    "id": "f8f6af10-7e8b-40a3-ba08-26ae3ec75bbb",
    "data": [
      {
        "text": "if i do not have an ID proof then what should i do for registration",
        "userDefined": false
      }
    ],
    "isTemplate": false,
    "count": 0,
    "lang": "en-in",
    "updated": 0
  },
  {
    "id": "91950093-914b-4d16-b475-50bb90907a12",
    "data": [
      {
        "text": "I do not have an ID proof",
        "userDefined": false
      }
    ],
    "isTemplate": false,
    "count": 0,
    "lang": "en-in",
    "updated": 0
  }
]