[
  {
    "id": "456cb78d-5fc4-4bea-b687-f736ad6daef9",
    "data": [
      {
        "text": "is it necessary to post info of candidates back after hiring them",
        "userDefined": false
      }
    ],
    "isTemplate": false,
    "count": 0,
    "lang": "en",
    "updated": 0
  },
  {
    "id": "0fc364e6-b809-48af-9636-8707b17e6fb8",
    "data": [
      {
        "text": "Is it mandatory to post information back on the portal of all the candidates I hired?",
        "userDefined": false
      }
    ],
    "isTemplate": false,
    "count": 0,
    "lang": "en",
    "updated": 0
  }
]