[
  {
    "id": "47ead9c0-a78c-47b3-a6bc-6ed6a2115948",
    "data": [
      {
        "text": "kya hired candidates ki information ",
        "userDefined": false
      },
      {
        "text": "post",
        "userDefined": false
      },
      {
        "text": " karna zaruri hai",
        "userDefined": false
      }
    ],
    "isTemplate": false,
    "count": 0,
    "lang": "hi",
    "updated": 0
  },
  {
    "id": "66e220bf-1dbe-4978-bf8d-b255c2748e2a",
    "data": [
      {
        "text": "kya ",
        "userDefined": false
      },
      {
        "text": "mere hire",
        "userDefined": false
      },
      {
        "text": " kiye ",
        "userDefined": false
      },
      {
        "text": "huye",
        "userDefined": false
      },
      {
        "text": " umeedvaro ",
        "userDefined": false
      },
      {
        "text": "ki",
        "userDefined": false
      },
      {
        "text": " jankari ",
        "userDefined": false
      },
      {
        "text": "infomation",
        "userDefined": false
      },
      {
        "text": " ",
        "userDefined": false
      },
      {
        "text": "post",
        "userDefined": false
      },
      {
        "text": " ",
        "userDefined": false
      },
      {
        "text": "karna",
        "userDefined": false
      },
      {
        "text": " zaruri ",
        "userDefined": false
      },
      {
        "text": "hai",
        "userDefined": false
      }
    ],
    "isTemplate": false,
    "count": 0,
    "lang": "hi",
    "updated": 0
  },
  {
    "id": "11be46e7-e21c-4803-89ea-97ef9049f8f9",
    "data": [
      {
        "text": "क्या मेरे द्वारा काम पर रखे गए सभी उम्मीदवारों के पोर्टल पर जानकारी ",
        "userDefined": false
      },
      {
        "text": "पोस्ट",
        "userDefined": false
      },
      {
        "text": " करना अनिवार्य है?",
        "userDefined": false
      }
    ],
    "isTemplate": false,
    "count": 0,
    "lang": "hi",
    "updated": 0
  }
]