[
  {
    "id": "d8852b23-6556-4e23-9559-8c9f349fc769",
    "data": [
      {
        "text": "ek baar",
        "userDefined": false
      },
      {
        "text": " me kitne ",
        "userDefined": false
      },
      {
        "text": "nimantran",
        "userDefined": false
      },
      {
        "text": " bhej sakte ",
        "userDefined": false
      },
      {
        "text": "hai",
        "userDefined": false
      }
    ],
    "isTemplate": false,
    "count": 0,
    "lang": "hi",
    "updated": 0
  },
  {
    "id": "4be243db-da70-464b-a322-35b7c2ebd6c1",
    "data": [
      {
        "text": "kya ",
        "userDefined": false
      },
      {
        "text": "mai",
        "userDefined": false
      },
      {
        "text": " ",
        "userDefined": false
      },
      {
        "text": "nimantran",
        "userDefined": false
      },
      {
        "text": " bhej sakta ",
        "userDefined": false
      },
      {
        "text": "hu",
        "userDefined": false
      }
    ],
    "isTemplate": false,
    "count": 0,
    "lang": "hi",
    "updated": 0
  },
  {
    "id": "bd274e1c-cabf-4363-946c-ea009afbb0d2",
    "data": [
      {
        "text": "क्या मैं ",
        "userDefined": false
      },
      {
        "text": "थोक",
        "userDefined": false
      },
      {
        "text": " साक्षात्कार निमंत्रण भेज सकता हूं? क्या साक्षात्कार आमंत्रणों की संख्या के लिए कोई ",
        "userDefined": false
      },
      {
        "text": "सीमा",
        "userDefined": false
      },
      {
        "text": " है जो मैं कर सकता हूं \n  ",
        "userDefined": false
      },
      {
        "text": "एक बार",
        "userDefined": false
      },
      {
        "text": " में भेजें?",
        "userDefined": false
      }
    ],
    "isTemplate": false,
    "count": 0,
    "lang": "hi",
    "updated": 0
  }
]