[
  {
    "id": "1125b9a1-a744-403b-a948-a37028a4fa6a",
    "data": [
      {
        "text": "maximum number of interview invites that we can send at a time",
        "userDefined": false
      }
    ],
    "isTemplate": false,
    "count": 0,
    "lang": "en-in",
    "updated": 0
  },
  {
    "id": "20ae7925-f60e-4c8b-ba8c-31694811de5f",
    "data": [
      {
        "text": "number of interview invites to send at once",
        "userDefined": false
      }
    ],
    "isTemplate": false,
    "count": 0,
    "lang": "en-in",
    "updated": 0
  },
  {
    "id": "a1e6b460-ee96-4d48-a25b-4dc1d2c90262",
    "data": [
      {
        "text": "how many interview invites can we send at a time",
        "userDefined": false
      }
    ],
    "isTemplate": false,
    "count": 0,
    "lang": "en-in",
    "updated": 0
  },
  {
    "id": "b80df302-08a8-4634-8ded-947daecf0099",
    "data": [
      {
        "text": "limit of interview invites",
        "userDefined": false
      }
    ],
    "isTemplate": false,
    "count": 0,
    "lang": "en-in",
    "updated": 0
  },
  {
    "id": "b558ea7c-1f20-4b7c-87eb-0327cc616b5b",
    "data": [
      {
        "text": "Can I send bulk interview invites? Is there any limit for number of interview invites I could \n send at once?",
        "userDefined": false
      }
    ],
    "isTemplate": false,
    "count": 0,
    "lang": "en-in",
    "updated": 0
  }
]