[
  {
    "id": "732194d8-733f-42d7-a95a-141b3c4322f9",
    "data": [
      {
        "text": "Can I potentially find a job that corresponds to my passions rather than one that strictly fits my qualifications?",
        "userDefined": false
      }
    ],
    "isTemplate": false,
    "count": 0,
    "lang": "en-in",
    "updated": 0
  },
  {
    "id": "ff12bfff-7e62-49a5-8ea0-f0a410c60cae",
    "data": [
      {
        "text": "Is it possible for me to discover a",
        "userDefined": true
      },
      {
        "text": " job that aligns with my interests rather than one that matches my qualifications?",
        "userDefined": false
      }
    ],
    "isTemplate": false,
    "count": 0,
    "lang": "en-in",
    "updated": 0
  },
  {
    "id": "6856123b-c0e7-4fae-a493-877326f9fb1e",
    "data": [
      {
        "text": "Can I find a job which I am interested in and not what I am qualified for?",
        "userDefined": false
      }
    ],
    "isTemplate": false,
    "count": 0,
    "lang": "en-in",
    "updated": 0
  }
]