[
  {
    "id": "6c92ce4f-90d4-43dd-ae66-44a6bfa6fd3e",
    "data": [
      {
        "text": "kya mai vo job le skta hu jisme mujhe interest ho lekin mai eligible na hu?",
        "userDefined": false
      }
    ],
    "isTemplate": false,
    "count": 0,
    "lang": "hi",
    "updated": 0
  },
  {
    "id": "066018b5-7a91-49da-8f79-e46116df6d97",
    "data": [
      {
        "text": "क्या मुझे एक नौकरी मिल सकती है जो मेरे रुचि के अनुसार हो, लेकिन मेरी योग्यता न हो?",
        "userDefined": false
      }
    ],
    "isTemplate": false,
    "count": 0,
    "lang": "hi",
    "updated": 0
  },
  {
    "id": "721e219e-82ec-494b-abbf-e6767b4293fc",
    "data": [
      {
        "text": "क्या मुझे ",
        "userDefined": false
      },
      {
        "text": "एक नौकरी",
        "userDefined": false
      },
      {
        "text": " मिल सकती है जिसमें ",
        "userDefined": false
      },
      {
        "text": "मेरी",
        "userDefined": false
      },
      {
        "text": " ",
        "userDefined": false
      },
      {
        "text": "रुचि",
        "userDefined": false
      },
      {
        "text": " हो, लेकिन ",
        "userDefined": false
      },
      {
        "text": "मेरी",
        "userDefined": false
      },
      {
        "text": " योग्यता न हो?",
        "userDefined": false
      }
    ],
    "isTemplate": false,
    "count": 0,
    "lang": "hi",
    "updated": 0
  },
  {
    "id": "ee950909-6064-4422-91a7-f736cbad79a1",
    "data": [
      {
        "text": "क्या मुझे ऐसी ",
        "userDefined": false
      },
      {
        "text": "नौकरी",
        "userDefined": false
      },
      {
        "text": " मिल सकती है जिसमें ",
        "userDefined": false
      },
      {
        "text": "मेरी",
        "userDefined": false
      },
      {
        "text": " ",
        "userDefined": false
      },
      {
        "text": "रुचि",
        "userDefined": false
      },
      {
        "text": " हो और जिसमें ",
        "userDefined": false
      },
      {
        "text": "मेरी",
        "userDefined": false
      },
      {
        "text": " योग्यता न हो?",
        "userDefined": false
      }
    ],
    "isTemplate": false,
    "count": 0,
    "lang": "hi",
    "updated": 0
  }
]