[
  {
    "id": "14d3ff43-0d39-4e14-ae18-47e0247826bf",
    "data": [
      {
        "text": "forward offer letter",
        "userDefined": false
      }
    ],
    "isTemplate": false,
    "count": 0,
    "lang": "en",
    "updated": 0
  },
  {
    "id": "aeecb183-8ed2-4b92-9545-27e68d69f4db",
    "data": [
      {
        "text": "issue offer letter",
        "userDefined": false
      }
    ],
    "isTemplate": false,
    "count": 0,
    "lang": "en",
    "updated": 0
  },
  {
    "id": "50f722f3-4518-4b20-8e6c-f3801911b931",
    "data": [
      {
        "text": "offer letter",
        "userDefined": false
      }
    ],
    "isTemplate": false,
    "count": 0,
    "lang": "en",
    "updated": 0
  },
  {
    "id": "7ea45f3f-797d-4eef-b7f0-e800b208b06b",
    "data": [
      {
        "text": "How do I issue offer letters from the portal",
        "userDefined": false
      }
    ],
    "isTemplate": false,
    "count": 0,
    "lang": "en",
    "updated": 0
  },
  {
    "id": "4258db06-48c2-467e-9413-d0ac6ac2c465",
    "data": [
      {
        "text": "Can I send offer letters from the portal",
        "userDefined": false
      }
    ],
    "isTemplate": false,
    "count": 0,
    "lang": "en",
    "updated": 0
  }
]