[
  {
    "id": "f63328cc-231d-4c4a-999d-e96dfe4cd013",
    "data": [
      {
        "text": "offer letter",
        "userDefined": false
      }
    ],
    "isTemplate": false,
    "count": 0,
    "lang": "hi",
    "updated": 0
  },
  {
    "id": "b39d4b4c-04cb-47b3-824e-0b3cf26f47a5",
    "data": [
      {
        "text": "kya mai ",
        "userDefined": false
      },
      {
        "text": "offer letter bhej",
        "meta": "@sys.person",
        "alias": "person",
        "userDefined": false
      },
      {
        "text": " sakta hoon",
        "userDefined": false
      }
    ],
    "isTemplate": false,
    "count": 0,
    "lang": "hi",
    "updated": 0
  },
  {
    "id": "6102c397-2bf5-45ef-b9b7-41783be48cb3",
    "data": [
      {
        "text": "ऑफर लेटर",
        "userDefined": false
      }
    ],
    "isTemplate": false,
    "count": 0,
    "lang": "hi",
    "updated": 0
  },
  {
    "id": "8a7a46cc-0ef7-4b24-b6af-a147545f04c4",
    "data": [
      {
        "text": "क्या मैं पोर्टल से ऑफर लेटर भेज सकता हूँ",
        "userDefined": false
      }
    ],
    "isTemplate": false,
    "count": 0,
    "lang": "hi",
    "updated": 0
  }
]