[
  {
    "id": "40ff0bd5-ceae-41db-9fdd-2be1d2b8882d",
    "data": [
      {
        "text": "job search",
        "userDefined": false
      }
    ],
    "isTemplate": false,
    "count": 0,
    "lang": "hi",
    "updated": 0
  },
  {
    "id": "b5364c86-4615-4054-80c1-0d733fe7ba36",
    "data": [
      {
        "text": "मैं ",
        "userDefined": false
      },
      {
        "text": "PGRKAM",
        "userDefined": false
      },
      {
        "text": " वेबसाइट पर ",
        "userDefined": false
      },
      {
        "text": "नौकरी",
        "userDefined": false
      },
      {
        "text": " कैसे खोज सकता हूँ?",
        "userDefined": false
      }
    ],
    "isTemplate": false,
    "count": 0,
    "lang": "hi",
    "updated": 0
  },
  {
    "id": "0d31b255-b123-4c16-968a-20c277c96d33",
    "data": [
      {
        "text": "PGRKAM",
        "userDefined": false
      },
      {
        "text": " वेबसाइट पर ",
        "userDefined": false
      },
      {
        "text": "नौकरी",
        "userDefined": false
      },
      {
        "text": " कैसे खोजें",
        "userDefined": false
      }
    ],
    "isTemplate": false,
    "count": 0,
    "lang": "hi",
    "updated": 0
  },
  {
    "id": "b90bcde0-db12-4b6e-9a88-fd78dc06f7f4",
    "data": [
      {
        "text": "नौकरी",
        "userDefined": false
      },
      {
        "text": " की तलाश कैसे करें?",
        "userDefined": false
      }
    ],
    "isTemplate": false,
    "count": 0,
    "lang": "hi",
    "updated": 0
  }
]