[
  {
    "id": "c2e2c18b-da44-4f3b-8950-0601c4188d46",
    "data": [
      {
        "text": "can I participate in job fairs",
        "userDefined": false
      }
    ],
    "isTemplate": false,
    "count": 0,
    "lang": "en-in",
    "updated": 0
  },
  {
    "id": "f37b865f-498d-42c7-a16c-6e236741dee8",
    "data": [
      {
        "text": "Can i conduct a placement camp",
        "userDefined": false
      }
    ],
    "isTemplate": false,
    "count": 0,
    "lang": "en-in",
    "updated": 0
  },
  {
    "id": "53116764-3734-4e2c-b29c-17d984757a89",
    "data": [
      {
        "text": "Can I conduct a job fair",
        "userDefined": false
      }
    ],
    "isTemplate": false,
    "count": 0,
    "lang": "en-in",
    "updated": 0
  },
  {
    "id": "5e8ca902-fd0b-4d1a-a596-4fde728078e8",
    "data": [
      {
        "text": "Can I participate in events / job fairs/ placement camps",
        "userDefined": false
      }
    ],
    "isTemplate": false,
    "count": 0,
    "lang": "en-in",
    "updated": 0
  }
]