[
  {
    "id": "f37bcd60-5dfc-43f7-925b-1feb430f567f",
    "data": [
      {
        "text": "How can I discover job  on the PGRKAM website?",
        "userDefined": false
      }
    ],
    "isTemplate": false,
    "count": 0,
    "lang": "en",
    "updated": 0
  },
  {
    "id": "3435901e-e711-4d9f-80b2-bf0dfcf03919",
    "data": [
      {
        "text": "How to find a job on the PGRKAM website",
        "userDefined": false
      }
    ],
    "isTemplate": false,
    "count": 0,
    "lang": "en",
    "updated": 0
  },
  {
    "id": "6ca0dcea-c011-4eff-a0e0-69265ca69223",
    "data": [
      {
        "text": "How to search for a job?",
        "userDefined": false
      }
    ],
    "isTemplate": false,
    "count": 0,
    "lang": "en",
    "updated": 0
  }
]