[
  {
    "id": "8cbca224-e3b1-4234-a406-5649da6a86fd",
    "data": [
      {
        "text": "Can I find employment that is conveniently located near where I live?",
        "userDefined": false
      }
    ],
    "isTemplate": false,
    "count": 0,
    "lang": "en-in",
    "updated": 0
  },
  {
    "id": "6a6007fa-dd17-4f59-85e1-9be3c0cba291",
    "data": [
      {
        "text": "Is it possible to locate a job in close proximity to my location?",
        "userDefined": false
      }
    ],
    "isTemplate": false,
    "count": 0,
    "lang": "en-in",
    "updated": 0
  },
  {
    "id": "03dee3c6-9485-40af-810d-e572fc717829",
    "data": [
      {
        "text": "Can I find a job near to my place?",
        "userDefined": false
      }
    ],
    "isTemplate": false,
    "count": 0,
    "lang": "en-in",
    "updated": 0
  }
]