[
  {
    "id": "ebb12ab8-e885-4deb-ba56-bc8806e59864",
    "data": [
      {
        "text": "mujhe kitne time mai job mil sakti hai ?",
        "userDefined": false
      }
    ],
    "isTemplate": false,
    "count": 0,
    "lang": "hi",
    "updated": 0
  },
  {
    "id": "586331be-d756-47dc-9eca-aa5f421b6fad",
    "data": [
      {
        "text": "मेरे लिए ",
        "userDefined": false
      },
      {
        "text": "रोज़गार",
        "userDefined": false
      },
      {
        "text": " खोजने की अपेक्षित समय-",
        "userDefined": false
      },
      {
        "text": "सीमा",
        "userDefined": false
      },
      {
        "text": " क्या है?",
        "userDefined": false
      }
    ],
    "isTemplate": false,
    "count": 0,
    "lang": "hi",
    "updated": 0
  },
  {
    "id": "eb5c572b-d951-4567-bb03-5cabb0be58d3",
    "data": [
      {
        "text": "मैं कितनी जल्दी ",
        "userDefined": false
      },
      {
        "text": "नौकरी",
        "userDefined": false
      },
      {
        "text": " सुरक्षित कर सकता हूँ?",
        "userDefined": false
      }
    ],
    "isTemplate": false,
    "count": 0,
    "lang": "hi",
    "updated": 0
  },
  {
    "id": "80f3739d-198a-44e8-99a4-04b497c7e0ac",
    "data": [
      {
        "text": "मुझे कितनी जल्दी ",
        "userDefined": false
      },
      {
        "text": "नौकरी",
        "userDefined": false
      },
      {
        "text": " मिल सकती है?",
        "userDefined": false
      }
    ],
    "isTemplate": false,
    "count": 0,
    "lang": "hi",
    "updated": 0
  }
]