[
  {
    "id": "141a6d92-7130-488e-9133-7fa1ccd84ee4",
    "data": [
      {
        "text": "Is it possible to ",
        "userDefined": false
      },
      {
        "text": "secure",
        "meta": "@sys.date",
        "alias": "date",
        "userDefined": true
      },
      {
        "text": " employment via the PGRKAM.com portal?",
        "userDefined": false
      }
    ],
    "isTemplate": false,
    "count": 0,
    "lang": "en-in",
    "updated": 0
  },
  {
    "id": "af8610e5-2265-44f2-bff9-5a2f4dbbc313",
    "data": [
      {
        "text": "Can I get a job through the ",
        "userDefined": false
      },
      {
        "text": "PGRKAM.com",
        "meta": "@sys.url",
        "alias": "url",
        "userDefined": false
      },
      {
        "text": " portal?",
        "userDefined": false
      }
    ],
    "isTemplate": false,
    "count": 0,
    "lang": "en-in",
    "updated": 0
  }
]