[
  {
    "id": "2363c3a8-622f-4b59-811d-d926cf08bd48",
    "data": [
      {
        "text": "What\u0027s the expected timeframe for me to find employment?",
        "userDefined": false
      }
    ],
    "isTemplate": false,
    "count": 0,
    "lang": "en",
    "updated": 0
  },
  {
    "id": "3d6f91f9-5c97-49b4-8368-a7645f45357a",
    "data": [
      {
        "text": "How soon can I secure a job?",
        "userDefined": false
      }
    ],
    "isTemplate": false,
    "count": 0,
    "lang": "en",
    "updated": 0
  },
  {
    "id": "f3fb0561-96e4-470f-8543-6cece266fbca",
    "data": [
      {
        "text": "How quickly I can find a job?",
        "userDefined": false
      }
    ],
    "isTemplate": false,
    "count": 0,
    "lang": "en",
    "updated": 0
  }
]