[
  {
    "id": "d6a0b417-ee7c-4b0f-a159-1e9d49133ca0",
    "data": [
      {
        "text": "job fairs",
        "userDefined": false
      }
    ],
    "isTemplate": false,
    "count": 0,
    "lang": "hi",
    "updated": 0
  },
  {
    "id": "724ba6d3-b6df-4fa0-a393-2f8cc3e7d409",
    "data": [
      {
        "text": "mujhe portal par register krne ke ",
        "userDefined": false
      },
      {
        "text": "baad",
        "userDefined": false
      },
      {
        "text": " job fairs ke ",
        "userDefined": false
      },
      {
        "text": "baare",
        "userDefined": false
      },
      {
        "text": " me kaise pta chlega?",
        "userDefined": false
      }
    ],
    "isTemplate": false,
    "count": 0,
    "lang": "hi",
    "updated": 0
  },
  {
    "id": "87a9c138-9df4-4b2c-9950-a0e2ad041b4f",
    "data": [
      {
        "text": "मैं पोर्टल पर पंजीकरण करता हूँ तो मुझे कैसे पता चलेगा कि रोजगार मेले के बारे में क्या जानकारी है?",
        "userDefined": false
      }
    ],
    "isTemplate": false,
    "count": 0,
    "lang": "hi",
    "updated": 0
  },
  {
    "id": "56f63d25-1070-42d0-802e-159cb9eccc7e",
    "data": [
      {
        "text": "मैं पोर्टल पर पंजीकरण करता हूँ तो मुझे ",
        "userDefined": false
      },
      {
        "text": "रोजगार",
        "userDefined": false
      },
      {
        "text": " मेलों के बारे में जानकारी कैसे प्राप्त होगी?",
        "userDefined": false
      }
    ],
    "isTemplate": false,
    "count": 0,
    "lang": "hi",
    "updated": 0
  },
  {
    "id": "79f9047f-4aac-4126-9fe4-61b312035b20",
    "data": [
      {
        "text": "यदि मैं पोर्टल पर पंजीकरण करता हूँ तो मुझे ",
        "userDefined": false
      },
      {
        "text": "रोजगार",
        "userDefined": false
      },
      {
        "text": " मेलों की जानकारी कैसे मिलेगी?",
        "userDefined": false
      }
    ],
    "isTemplate": false,
    "count": 0,
    "lang": "hi",
    "updated": 0
  }
]