[
  {
    "id": "496de6d8-7b59-4b1a-b9af-68ecf2b1b49d",
    "data": [
      {
        "text": "form job vacancy",
        "userDefined": false
      }
    ],
    "isTemplate": false,
    "count": 0,
    "lang": "en-in",
    "updated": 0
  },
  {
    "id": "f9d37c00-843c-4a70-b64c-6cc9a388249a",
    "data": [
      {
        "text": "job post form",
        "userDefined": false
      }
    ],
    "isTemplate": false,
    "count": 0,
    "lang": "en-in",
    "updated": 0
  },
  {
    "id": "30e1d60d-8b9b-4f4b-ae19-9a27b6c50114",
    "data": [
      {
        "text": "template to post a job",
        "userDefined": false
      }
    ],
    "isTemplate": false,
    "count": 0,
    "lang": "en-in",
    "updated": 0
  },
  {
    "id": "f7fa290f-d7e4-4d6a-8994-8d0cb350bb84",
    "data": [
      {
        "text": "job posting form",
        "userDefined": false
      }
    ],
    "isTemplate": false,
    "count": 0,
    "lang": "en-in",
    "updated": 0
  },
  {
    "id": "ef1b492d-0c71-4369-84d8-a12ef543fcce",
    "data": [
      {
        "text": "Does the portal provide job posting templates/form?",
        "userDefined": false
      }
    ],
    "isTemplate": false,
    "count": 0,
    "lang": "en-in",
    "updated": 0
  }
]