[
  {
    "id": "c37f700f-aa4c-4960-983f-19516098938c",
    "data": [
      {
        "text": "job near to my place",
        "userDefined": false
      }
    ],
    "isTemplate": false,
    "count": 0,
    "lang": "hi",
    "updated": 0
  },
  {
    "id": "9b1caa44-1af2-4a70-a025-16b0610c5655",
    "data": [
      {
        "text": "क्या मुझे ऐसा ",
        "userDefined": false
      },
      {
        "text": "रोज़गार",
        "userDefined": false
      },
      {
        "text": " मिल सकता है जो ",
        "userDefined": false
      },
      {
        "text": "मेरे रहने के स्थान",
        "userDefined": false
      },
      {
        "text": " के निकट सुविधाजनक ",
        "userDefined": false
      },
      {
        "text": "रूप",
        "userDefined": false
      },
      {
        "text": " से उपलब्ध हो?",
        "userDefined": false
      }
    ],
    "isTemplate": false,
    "count": 0,
    "lang": "hi",
    "updated": 0
  },
  {
    "id": "58cbbea2-949c-4b86-8eec-594f708b56b6",
    "data": [
      {
        "text": "क्या मेरे स्थान के नजदीक ",
        "userDefined": false
      },
      {
        "text": "नौकरी ढूंढना",
        "userDefined": false
      },
      {
        "text": " संभव है?",
        "userDefined": false
      }
    ],
    "isTemplate": false,
    "count": 0,
    "lang": "hi",
    "updated": 0
  },
  {
    "id": "4cac665c-fda6-40ba-8b3c-6ecb1f380522",
    "data": [
      {
        "text": "क्या मुझे अपने स्थान के नजदीक ",
        "userDefined": false
      },
      {
        "text": "नौकरी",
        "userDefined": false
      },
      {
        "text": " मिल सकती है?",
        "userDefined": false
      }
    ],
    "isTemplate": false,
    "count": 0,
    "lang": "hi",
    "updated": 0
  }
]