[
  {
    "id": "b21ec8cc-232d-47c8-a1d1-97fcce40209e",
    "data": [
      {
        "text": "If I register on the portal, how will I obtain information regarding job fairs?",
        "userDefined": false
      }
    ],
    "isTemplate": false,
    "count": 0,
    "lang": "en",
    "updated": 0
  },
  {
    "id": "911671a9-8091-4fc0-80f3-6e664ad7ff74",
    "data": [
      {
        "text": "If I sign up on the portal, how will I receive details about job fairs?",
        "userDefined": false
      }
    ],
    "isTemplate": false,
    "count": 0,
    "lang": "en",
    "updated": 0
  },
  {
    "id": "53f3280f-8032-4bc3-8c57-7cb5e367c77e",
    "data": [
      {
        "text": ". How will I get information on job fairs if I register on the portal?",
        "userDefined": false
      }
    ],
    "isTemplate": false,
    "count": 0,
    "lang": "en",
    "updated": 0
  }
]