[
  {
    "id": "616dee30-4e5b-45d7-bd78-89d9ca2ade3f",
    "data": [
      {
        "text": "mujhe pgrkam.com se job milsakti hai ?",
        "userDefined": false
      }
    ],
    "isTemplate": false,
    "count": 0,
    "lang": "hi",
    "updated": 0
  },
  {
    "id": "12f8ce6d-7fb6-4bb4-b2e8-5a6537ee31b6",
    "data": [
      {
        "text": "PGRKAM.com",
        "userDefined": false
      },
      {
        "text": " पोर्टल के माध्यम से मेरे लिए कोई ",
        "userDefined": false
      },
      {
        "text": "नौकरी",
        "userDefined": false
      },
      {
        "text": " उपलब्ध हो सकती है क्या?",
        "userDefined": false
      }
    ],
    "isTemplate": false,
    "count": 0,
    "lang": "hi",
    "updated": 0
  },
  {
    "id": "98e79dbc-1f3a-4442-bd55-74617324b821",
    "data": [
      {
        "text": "क्या मैं ",
        "userDefined": false
      },
      {
        "text": "PGRKAM.com",
        "userDefined": false
      },
      {
        "text": " पोर्टल के जरिए ",
        "userDefined": false
      },
      {
        "text": "रोजगार",
        "userDefined": false
      },
      {
        "text": " प्राप्त कर सकता हूँ/सकती हूँ?",
        "userDefined": false
      }
    ],
    "isTemplate": false,
    "count": 0,
    "lang": "hi",
    "updated": 0
  },
  {
    "id": "2f8a1b0f-e6a9-49ab-b073-5d65dc32e82e",
    "data": [
      {
        "text": "क्या मुझे ",
        "userDefined": false
      },
      {
        "text": "PGRKAM.com",
        "userDefined": false
      },
      {
        "text": " पोर्टल के माध्यम से ",
        "userDefined": false
      },
      {
        "text": "नौकरी",
        "userDefined": false
      },
      {
        "text": " मिल सकती है?",
        "userDefined": false
      }
    ],
    "isTemplate": false,
    "count": 0,
    "lang": "hi",
    "updated": 0
  }
]