[
  {
    "id": "5478e88c-8def-47a2-80b3-6dfee84f18b6",
    "data": [
      {
        "text": " Persons with Disabilities jobs",
        "userDefined": false
      }
    ],
    "isTemplate": false,
    "count": 0,
    "lang": "en",
    "updated": 0
  },
  {
    "id": "07025af6-d9f0-40e9-9d36-f052e9df2d93",
    "data": [
      {
        "text": "\n Are there job vacancies on the website that are specifically targeted towards individuals with disabilities (PWDs)?",
        "userDefined": false
      }
    ],
    "isTemplate": false,
    "count": 0,
    "lang": "en",
    "updated": 0
  },
  {
    "id": "9b68fd1f-d7b6-4bab-a493-3ef11d2ec009",
    "data": [
      {
        "text": "Does the website provide job openings for individuals with disabilities (PWDs)?",
        "userDefined": false
      }
    ],
    "isTemplate": false,
    "count": 0,
    "lang": "en",
    "updated": 0
  },
  {
    "id": "40ed35b6-fc23-40d6-a6fc-50d22335c6d5",
    "data": [
      {
        "text": "Does the website offer job opportunities for Persons with Disabilities(PWDs)?",
        "userDefined": false
      }
    ],
    "isTemplate": false,
    "count": 0,
    "lang": "en",
    "updated": 0
  }
]