[
  {
    "id": "1873861d-2390-44b8-8696-1d53dd120c86",
    "data": [
      {
        "text": "disable lokan lai",
        "userDefined": false
      }
    ],
    "isTemplate": false,
    "count": 0,
    "lang": "pa",
    "updated": 0
  },
  {
    "id": "4327cb8b-27da-4d2a-ab6f-4751b2dcde90",
    "data": [
      {
        "text": "ਕੀ ਵੈਬਸਾਈਟ ਅਪਾਹਜ ਵਿਅਕਤੀਆਂ (ਪੀਡਬਲਯੂਡੀ) ਲਈ ਨੌਕਰੀ ਦੇ ਮੌਕੇ ਪ੍ਰਦਾਨ ਕਰਦੀ ਹੈ?",
        "userDefined": false
      }
    ],
    "isTemplate": false,
    "count": 0,
    "lang": "pa",
    "updated": 0
  },
  {
    "id": "3dbfd47d-4af1-416e-8edf-c1ca329bf380",
    "data": [
      {
        "text": "ਕੀ ਵੈੱਬਸਾਈਟ ਅਪਾਹਜ ਵਿਅਕਤੀਆਂ (PWDs) ਲਈ ਨੌਕਰੀ ਦੇ ਮੌਕੇ ਪ੍ਰਦਾਨ ਕਰਦੀ ਹੈ?",
        "userDefined": false
      }
    ],
    "isTemplate": false,
    "count": 0,
    "lang": "pa",
    "updated": 0
  },
  {
    "id": "c6376b6b-a726-419c-abf7-c23e609f9a3c",
    "data": [
      {
        "text": "ਕੀ ਵੈਬਸਾਈਟ \u0027ਤੇ ਨੌਕਰੀ ਦੀਆਂ ਅਸਾਮੀਆਂ ਹਨ ਜੋ ਵਿਸ਼ੇਸ਼ ਤੌਰ \u0027ਤੇ ਅਪਾਹਜ ਵਿਅਕਤੀਆਂ (ਪੀਡਬਲਯੂਡੀ) ਲਈ ਨਿਸ਼ਾਨਾ ਹਨ?",
        "userDefined": false
      }
    ],
    "isTemplate": false,
    "count": 0,
    "lang": "pa",
    "updated": 0
  },
  {
    "id": "02e4ebe4-dd8f-44c5-8a7c-cad9b0ff7472",
    "data": [
      {
        "text": "ਅਪਾਹਜ ਵਿਅਕਤੀਆਂ ਦੀਆਂ ਨੌਕਰੀਆਂ",
        "userDefined": false
      }
    ],
    "isTemplate": false,
    "count": 0,
    "lang": "pa",
    "updated": 0
  }
]