[
  {
    "id": "76f1074d-a076-42f7-b6ad-4d31ad80f151",
    "data": [
      {
        "text": "kya website par Persons with Disabilities ke liye  jobs hai ?",
        "userDefined": false
      }
    ],
    "isTemplate": false,
    "count": 0,
    "lang": "hi",
    "updated": 0
  },
  {
    "id": "3841b3d3-059a-4b2f-a23a-6d110c00af35",
    "data": [
      {
        "text": "क्या वेबसाइट पर ",
        "userDefined": false
      },
      {
        "text": "नौकरी",
        "userDefined": false
      },
      {
        "text": " की रिक्तियां हैं जो विशेष ",
        "userDefined": false
      },
      {
        "text": "रूप",
        "userDefined": false
      },
      {
        "text": " से ",
        "userDefined": false
      },
      {
        "text": "विकलांग",
        "userDefined": false
      },
      {
        "text": " व्यक्तियों (",
        "userDefined": false
      },
      {
        "text": "पीडब्ल्यूडी",
        "userDefined": false
      },
      {
        "text": ") ",
        "userDefined": false
      },
      {
        "text": "के लिए",
        "userDefined": false
      },
      {
        "text": " ",
        "userDefined": false
      },
      {
        "text": "लक्षित",
        "userDefined": false
      },
      {
        "text": " हैं?",
        "userDefined": false
      }
    ],
    "isTemplate": false,
    "count": 0,
    "lang": "hi",
    "updated": 0
  },
  {
    "id": "32f41fd4-c068-4c3b-883d-225b0a063393",
    "data": [
      {
        "text": "क्या वेबसाइट ",
        "userDefined": false
      },
      {
        "text": "विकलांग",
        "userDefined": false
      },
      {
        "text": " व्यक्तियों (",
        "userDefined": false
      },
      {
        "text": "पीडब्ल्यूडी",
        "userDefined": false
      },
      {
        "text": ") के लिए ",
        "userDefined": false
      },
      {
        "text": "नौकरी",
        "userDefined": false
      },
      {
        "text": " के अवसर प्रदान करती है?",
        "userDefined": false
      }
    ],
    "isTemplate": false,
    "count": 1,
    "lang": "hi",
    "updated": 0
  }
]