[
  {
    "id": "b24e9209-b044-4d23-8c1b-ed4797fa9db4",
    "data": [
      {
        "text": "Once I\u0027ve sent in my job application, where can I check the list of jobs I\u0027ve applied for?",
        "userDefined": false
      }
    ],
    "isTemplate": false,
    "count": 0,
    "lang": "en-in",
    "updated": 0
  },
  {
    "id": "e48b59ee-b685-4cf8-b32c-f8f33bc3d54c",
    "data": [
      {
        "text": "After I\u0027ve submitted my job application, where can I access the record of the jobs I\u0027ve applied for?",
        "userDefined": false
      }
    ],
    "isTemplate": false,
    "count": 0,
    "lang": "en-in",
    "updated": 0
  },
  {
    "id": "e81ec061-b02d-428f-ae15-b31815dba455",
    "data": [
      {
        "text": "After submitting a job application, where can I find the roster of positions I\u0027ve applied to?",
        "userDefined": false
      }
    ],
    "isTemplate": false,
    "count": 0,
    "lang": "en-in",
    "updated": 0
  },
  {
    "id": "c935f75b-8631-4aec-84ff-efe6d96aa3e8",
    "data": [
      {
        "text": "Once I apply for a job, where can I see the list of jobs that I have applied for?",
        "userDefined": false
      }
    ],
    "isTemplate": false,
    "count": 0,
    "lang": "en-in",
    "updated": 0
  }
]