[
  {
    "id": "3b73b824-7819-4e54-a4ae-bef41d3f2087",
    "data": [
      {
        "text": "Could you please specify the maximum count of users we can designate for overseeing the company\u0027s profile?",
        "userDefined": false
      }
    ],
    "isTemplate": false,
    "count": 0,
    "lang": "en",
    "updated": 0
  },
  {
    "id": "c8f8ef49-016e-4936-bc12-c1f77a9b2565",
    "data": [
      {
        "text": "Is there a limit to the number of users we can include in the management of the company\u0027s profile?",
        "userDefined": false
      }
    ],
    "isTemplate": false,
    "count": 0,
    "lang": "en",
    "updated": 0
  },
  {
    "id": "13a0444c-afd4-4819-898a-2bf81b607d8e",
    "data": [
      {
        "text": "How many individuals are allowed to be added for the management of the company\u0027s profile?",
        "userDefined": false
      }
    ],
    "isTemplate": false,
    "count": 0,
    "lang": "en",
    "updated": 0
  },
  {
    "id": "539e6fcd-b69c-4922-b96e-646786767046",
    "data": [
      {
        "text": "How many users can we add to manage the company\u0027s profile?",
        "userDefined": false
      }
    ],
    "isTemplate": false,
    "count": 0,
    "lang": "en",
    "updated": 0
  }
]