[
  {
    "id": "6fd37332-0200-4669-aebd-60044573f157",
    "data": [
      {
        "text": "What is the maximum number of users allowed to oversee the company\u0027s profile management",
        "userDefined": false
      }
    ],
    "isTemplate": false,
    "count": 0,
    "lang": "en",
    "updated": 0
  },
  {
    "id": "1cdfa561-0476-4e17-8831-620b2f3979e2",
    "data": [
      {
        "text": "How many team members can be included in the company\u0027s profile management responsibilities",
        "userDefined": false
      }
    ],
    "isTemplate": false,
    "count": 0,
    "lang": "en",
    "updated": 0
  },
  {
    "id": "289e75b2-f7a9-48eb-9060-46cd055dc67b",
    "data": [
      {
        "text": "Is there a user cap for those responsible for handling the company\u0027s profile",
        "userDefined": false
      }
    ],
    "isTemplate": false,
    "count": 0,
    "lang": "en",
    "updated": 0
  },
  {
    "id": "2524fe43-9d4f-434d-a919-43efec73e3a8",
    "data": [
      {
        "text": "How many users can we add to manage the company\u0027s profile",
        "userDefined": false
      }
    ],
    "isTemplate": false,
    "count": 0,
    "lang": "en",
    "updated": 0
  }
]