[
  {
    "id": "dacb14e8-da64-4e88-b31d-fa0e254d26ea",
    "data": [
      {
        "text": "Or is it limited to just one user to manage the company\u0027s profile on the PGRKAM.com Portal?",
        "userDefined": false
      }
    ],
    "isTemplate": false,
    "count": 0,
    "lang": "en",
    "updated": 0
  },
  {
    "id": "3d370c75-8500-429d-8cd8-52c882addd30",
    "data": [
      {
        "text": "Can we have multiple authorized users to handle the company\u0027s profile on the PGRKAM.com Portal?",
        "userDefined": false
      }
    ],
    "isTemplate": false,
    "count": 0,
    "lang": "en",
    "updated": 0
  },
  {
    "id": "e388612d-4d4b-4883-8e25-eaa1ec07ccbd",
    "data": [
      {
        "text": "Alternatively, is the management of the company\u0027s profile on the ",
        "userDefined": false
      },
      {
        "text": "PGRKAM.com",
        "meta": "@sys.url",
        "alias": "url",
        "userDefined": false
      },
      {
        "text": " Portal restricted to just ",
        "userDefined": false
      },
      {
        "text": "one",
        "meta": "@sys.number",
        "alias": "number",
        "userDefined": false
      },
      {
        "text": " user?",
        "userDefined": false
      }
    ],
    "isTemplate": false,
    "count": 0,
    "lang": "en",
    "updated": 0
  },
  {
    "id": "25c1b036-0a37-468d-ab3e-09f6b48225a5",
    "data": [
      {
        "text": "Is it feasible to include several authorized users for overseeing the company\u0027s profile on the PGRKAM.com Portal?",
        "userDefined": false
      }
    ],
    "isTemplate": false,
    "count": 0,
    "lang": "en",
    "updated": 0
  },
  {
    "id": "c65b69b1-b6bc-4b2b-a080-69ae88f9941e",
    "data": [
      {
        "text": "Can we add multiple authorized users to manage the company\u0027s profile on ",
        "userDefined": false
      },
      {
        "text": "PGRKAM.com",
        "meta": "@sys.url",
        "alias": "url",
        "userDefined": false
      },
      {
        "text": " Portal \n or will it be managed by just ",
        "userDefined": false
      },
      {
        "text": "one",
        "meta": "@sys.number",
        "alias": "number",
        "userDefined": false
      },
      {
        "text": " user?",
        "userDefined": false
      }
    ],
    "isTemplate": false,
    "count": 0,
    "lang": "en",
    "updated": 0
  }
]