[
  {
    "id": "028d743f-debb-4635-b0aa-7f0a5a366eb9",
    "data": [
      {
        "text": "hum company profile mei kitne users add kr skte hai",
        "userDefined": false
      }
    ],
    "isTemplate": false,
    "count": 0,
    "lang": "hi",
    "updated": 0
  },
  {
    "id": "0dd0c5a0-75e3-4131-9d2d-343fc6bf816b",
    "data": [
      {
        "text": "कंपनी",
        "meta": "@sys.last-name",
        "alias": "last-name",
        "userDefined": false
      },
      {
        "text": " प्रोफ़ाइल को कितने उपयोगकर्ता संचालित कर सकते हैं",
        "userDefined": false
      }
    ],
    "isTemplate": false,
    "count": 0,
    "lang": "hi",
    "updated": 0
  },
  {
    "id": "e875319b-c71d-401d-adcb-c7c3e407c875",
    "data": [
      {
        "text": "कंपनी",
        "meta": "@sys.last-name",
        "alias": "last-name",
        "userDefined": false
      },
      {
        "text": " की प्रोफ़ाइल के प्रबंधन के लिए हम कितने उपयोगकर्ता जोड़ सकते हैं",
        "userDefined": false
      }
    ],
    "isTemplate": false,
    "count": 0,
    "lang": "hi",
    "updated": 0
  },
  {
    "id": "e63fe504-a6a5-4f24-ad8e-e99b8cb7007f",
    "data": [
      {
        "text": "कंपनी",
        "meta": "@sys.last-name",
        "alias": "last-name",
        "userDefined": false
      },
      {
        "text": " की प्रोफ़ाइल को प्रबंधित करने के लिए हम कितने उपयोगकर्ता जोड़ सकते हैं",
        "userDefined": false
      }
    ],
    "isTemplate": false,
    "count": 0,
    "lang": "hi",
    "updated": 0
  }
]