[
  {
    "id": "e3a375e8-3cbf-4053-aacb-f5deef5757ee",
    "data": [
      {
        "text": "Is it possible to include several authorized users for overseeing the company\u0027s profile on the PGRKAM.com Portal, or is it restricted to just one user?",
        "userDefined": false
      }
    ],
    "isTemplate": false,
    "count": 0,
    "lang": "en-in",
    "updated": 0
  },
  {
    "id": "7a66dc21-f9c2-4e2f-835f-ce2fec6f04a1",
    "data": [
      {
        "text": "Can we add multiple authorized users to manage the company\u0027s profile on ",
        "userDefined": false
      },
      {
        "text": "PGRKAM.com",
        "meta": "@sys.url",
        "alias": "url",
        "userDefined": false
      },
      {
        "text": " Portal\n or will it be managed by just ",
        "userDefined": false
      },
      {
        "text": "one",
        "meta": "@sys.number",
        "alias": "number",
        "userDefined": false
      },
      {
        "text": " user?",
        "userDefined": false
      }
    ],
    "isTemplate": false,
    "count": 0,
    "lang": "en-in",
    "updated": 0
  }
]