[
  {
    "id": "3bb623d4-d60e-43ad-bbfd-a14162317fdf",
    "data": [
      {
        "text": "ओटीपी",
        "userDefined": false
      }
    ],
    "isTemplate": false,
    "count": 0,
    "lang": "hi",
    "updated": 0
  },
  {
    "id": "265ed675-92bb-462a-a93c-22e1cbaa44a7",
    "data": [
      {
        "text": "otp",
        "userDefined": false
      }
    ],
    "isTemplate": false,
    "count": 0,
    "lang": "hi",
    "updated": 0
  },
  {
    "id": "3190bc60-9081-4710-8af6-f1bcd461f144",
    "data": [
      {
        "text": "ओटीपी क्या है?",
        "userDefined": false
      }
    ],
    "isTemplate": false,
    "count": 0,
    "lang": "hi",
    "updated": 0
  }
]