[
  {
    "id": "6db315e4-4189-4620-b61e-9c0aeecc7a6b",
    "data": [
      {
        "text": "meaning of otp",
        "userDefined": false
      }
    ],
    "isTemplate": false,
    "count": 0,
    "lang": "en",
    "updated": 0
  },
  {
    "id": "60930427-5acd-46f3-8430-c40213eb780c",
    "data": [
      {
        "text": "otp",
        "userDefined": false
      }
    ],
    "isTemplate": false,
    "count": 0,
    "lang": "en",
    "updated": 0
  },
  {
    "id": "945633e7-916f-4274-8128-9f29f0da5fa1",
    "data": [
      {
        "text": "What is OTP?",
        "userDefined": false
      }
    ],
    "isTemplate": false,
    "count": 0,
    "lang": "en",
    "updated": 0
  }
]