[
  {
    "id": "1cc879c9-7ffb-49b9-bae4-2672b7aea7c9",
    "data": [
      {
        "text": "pay to participate",
        "userDefined": false
      }
    ],
    "isTemplate": false,
    "count": 0,
    "lang": "en-in",
    "updated": 0
  },
  {
    "id": "9e93cacf-d2af-4090-bcf3-6bd4eff71b90",
    "data": [
      {
        "text": "pay for placement camps",
        "userDefined": false
      }
    ],
    "isTemplate": false,
    "count": 0,
    "lang": "en-in",
    "updated": 0
  },
  {
    "id": "13436c99-bf35-4644-a9fe-ca31fe576901",
    "data": [
      {
        "text": "pay for job fairs",
        "userDefined": false
      }
    ],
    "isTemplate": false,
    "count": 0,
    "lang": "en-in",
    "updated": 0
  },
  {
    "id": "178228b3-634c-43b7-b495-dfba4d00986a",
    "data": [
      {
        "text": "pay for events",
        "userDefined": false
      }
    ],
    "isTemplate": false,
    "count": 1,
    "lang": "en-in",
    "updated": 0
  },
  {
    "id": "b82f01cd-3fc9-4163-a9d5-3d606aef0821",
    "data": [
      {
        "text": "Do I need to pay to participate in events / job fairs/ placement camps",
        "userDefined": false
      }
    ],
    "isTemplate": false,
    "count": 0,
    "lang": "en-in",
    "updated": 0
  }
]