[
  {
    "id": "d1363b29-7b70-464f-88a3-373aa09d6018",
    "data": [
      {
        "text": "portal fees",
        "userDefined": false
      }
    ],
    "isTemplate": false,
    "count": 0,
    "lang": "hi",
    "updated": 0
  },
  {
    "id": "41138577-9a1f-4246-9d41-385d765254bd",
    "data": [
      {
        "text": "portal use krne ",
        "userDefined": false
      },
      {
        "text": "ki",
        "userDefined": false
      },
      {
        "text": " koi fees ",
        "userDefined": false
      },
      {
        "text": "hai",
        "userDefined": false
      },
      {
        "text": " kya?",
        "userDefined": false
      }
    ],
    "isTemplate": false,
    "count": 0,
    "lang": "hi",
    "updated": 0
  },
  {
    "id": "9e835967-2fb6-4d0a-893a-8b52e0a2e1bd",
    "data": [
      {
        "text": "क्या मुझे कुछ भी खर्च करना होगा?",
        "userDefined": false
      }
    ],
    "isTemplate": false,
    "count": 0,
    "lang": "hi",
    "updated": 0
  },
  {
    "id": "a57ecd76-7834-442c-bf16-3e2f697e5d95",
    "data": [
      {
        "text": "क्या मुझे किसी भी प्रकार का पेमेंट करने की आवश्यकता है?",
        "userDefined": false
      }
    ],
    "isTemplate": false,
    "count": 0,
    "lang": "hi",
    "updated": 0
  },
  {
    "id": "9dd03e89-0cd0-4920-bf02-1c7501f902d0",
    "data": [
      {
        "text": "क्या मुझे कुछ भी भुगतान करने की आवश्यकता है?",
        "userDefined": false
      }
    ],
    "isTemplate": false,
    "count": 0,
    "lang": "hi",
    "updated": 0
  }
]