[
  {
    "id": "24c47930-9252-449e-b873-b67a212f3369",
    "data": [
      {
        "text": "pay you anything",
        "userDefined": false
      }
    ],
    "isTemplate": false,
    "count": 0,
    "lang": "en",
    "updated": 0
  },
  {
    "id": "b6c9e669-889d-4e67-be8d-5c2d46d6e34d",
    "data": [
      {
        "text": "Is payment mandatory?",
        "userDefined": false
      }
    ],
    "isTemplate": false,
    "count": 0,
    "lang": "en",
    "updated": 0
  },
  {
    "id": "be5a2fb6-7cf8-4d85-a565-c59337e1849a",
    "data": [
      {
        "text": "Is there a requirement for payment?",
        "userDefined": false
      }
    ],
    "isTemplate": false,
    "count": 0,
    "lang": "en",
    "updated": 0
  },
  {
    "id": "04df1fbf-e38a-4832-a3bd-e2003817995d",
    "data": [
      {
        "text": "Do I need to pay anything?",
        "userDefined": false
      }
    ],
    "isTemplate": false,
    "count": 0,
    "lang": "en",
    "updated": 0
  }
]