[
  {
    "id": "e5bb3ea0-8199-410f-8811-62074d64d71e",
    "data": [
      {
        "text": "give jobs. how to post",
        "userDefined": false
      }
    ],
    "isTemplate": false,
    "count": 0,
    "lang": "en-in",
    "updated": 0
  },
  {
    "id": "a806ecba-de9a-427a-92c6-3dcdab1e5011",
    "data": [
      {
        "text": "add job post process",
        "userDefined": false
      }
    ],
    "isTemplate": false,
    "count": 0,
    "lang": "en-in",
    "updated": 0
  },
  {
    "id": "7d773b07-948d-4cce-bc6c-1614f959c21b",
    "data": [
      {
        "text": "job post process",
        "userDefined": false
      }
    ],
    "isTemplate": false,
    "count": 0,
    "lang": "en-in",
    "updated": 0
  },
  {
    "id": "e232e742-f57e-4046-8df2-5568c5b70569",
    "data": [
      {
        "text": ". Can I post a job? What is the process to post a job?",
        "userDefined": false
      }
    ],
    "isTemplate": false,
    "count": 0,
    "lang": "en-in",
    "updated": 0
  }
]