[
  {
    "id": "f879cb27-1fe3-4363-bff5-0179ef3cf055",
    "data": [
      {
        "text": "Are the profiles of candidates subject to verification",
        "userDefined": false
      }
    ],
    "isTemplate": false,
    "count": 0,
    "lang": "en",
    "updated": 0
  },
  {
    "id": "68ae658e-3432-4d49-8849-c2ed0f54580a",
    "data": [
      {
        "text": "Do candidates\u0027 profiles undergo a verification process",
        "userDefined": false
      }
    ],
    "isTemplate": false,
    "count": 1,
    "lang": "en",
    "updated": 0
  },
  {
    "id": "46809fef-36da-4bac-b73a-d7d0b3e829a9",
    "data": [
      {
        "text": "Are the candidates\u0027 profiles verified",
        "userDefined": false
      }
    ],
    "isTemplate": false,
    "count": 0,
    "lang": "en",
    "updated": 0
  }
]