[
  {
    "id": "83e89d9a-8113-4ae9-8ffe-3e5d1c931fa6",
    "data": [
      {
        "text": "profile update",
        "userDefined": false
      }
    ],
    "isTemplate": false,
    "count": 0,
    "lang": "hi",
    "updated": 0
  },
  {
    "id": "38cb8e5c-d047-4b57-93e9-f66e08c1a9e8",
    "data": [
      {
        "text": "job ",
        "userDefined": false
      },
      {
        "text": "milne",
        "userDefined": false
      },
      {
        "text": " ke baad mujhe apni profile update krni pdegi kya",
        "userDefined": false
      }
    ],
    "isTemplate": false,
    "count": 0,
    "lang": "hi",
    "updated": 0
  },
  {
    "id": "639c4236-9b89-42f0-9d8e-402d5bfadcfb",
    "data": [
      {
        "text": "क्या मुझे पोर्टल का उपयोग करके ",
        "userDefined": false
      },
      {
        "text": "नौकरी",
        "userDefined": false
      },
      {
        "text": " प्राप्त होने के बाद अपनी प्रोफ़ाइल में परिवर्तन करने की आवश्यकता होती है?",
        "userDefined": false
      }
    ],
    "isTemplate": false,
    "count": 0,
    "lang": "hi",
    "updated": 0
  },
  {
    "id": "14bd0d0a-14d5-4724-9fa8-fe3308885195",
    "data": [
      {
        "text": "क्या मुझे पोर्टल के माध्यम से ",
        "userDefined": false
      },
      {
        "text": "नौकरी",
        "userDefined": false
      },
      {
        "text": " मिलने के बाद अपनी प्रोफ़ाइल में बदलाव करने की जरूरत होती है?",
        "userDefined": false
      }
    ],
    "isTemplate": false,
    "count": 0,
    "lang": "hi",
    "updated": 0
  },
  {
    "id": "e81c7063-d9c8-4675-8c4e-e8e4ef93fcc1",
    "data": [
      {
        "text": "क्या पोर्टल के माध्यम से ",
        "userDefined": false
      },
      {
        "text": "नौकरी",
        "userDefined": false
      },
      {
        "text": " मिलने के बाद मुझे अपनी प्रोफ़ाइल अपडेट करने की आवश्यकता है?",
        "userDefined": false
      }
    ],
    "isTemplate": false,
    "count": 0,
    "lang": "hi",
    "updated": 0
  }
]