[
  {
    "id": "cf1e538e-ef14-46de-9ee4-b0aa74fe62cb",
    "data": [
      {
        "text": "Do I have to update my profile once I\u0027ve successfully obtained a job through the portal?",
        "userDefined": false
      }
    ],
    "isTemplate": false,
    "count": 0,
    "lang": "en-in",
    "updated": 0
  },
  {
    "id": "6aba2cf6-44e6-44e4-b649-d24c16c8de91",
    "data": [
      {
        "text": "Is it necessary to update my profile after securing a job through the portal?",
        "userDefined": false
      }
    ],
    "isTemplate": false,
    "count": 0,
    "lang": "en-in",
    "updated": 0
  },
  {
    "id": "b25ea963-9498-42be-9afe-0ded15addcd1",
    "data": [
      {
        "text": "Do I need to update my profile once I get a job through the portal?",
        "userDefined": false
      }
    ],
    "isTemplate": false,
    "count": 0,
    "lang": "en-in",
    "updated": 0
  }
]