[
  {
    "id": "e4093012-b751-4129-b8f0-b2cea1cec39f",
    "data": [
      {
        "text": "profile download kaise karte ",
        "userDefined": false
      },
      {
        "text": "hai",
        "userDefined": false
      }
    ],
    "isTemplate": false,
    "count": 0,
    "lang": "hi",
    "updated": 0
  },
  {
    "id": "6d75b240-f8b4-4b89-b380-cf2b22299363",
    "data": [
      {
        "text": "kya ",
        "userDefined": false
      },
      {
        "text": "mai",
        "userDefined": false
      },
      {
        "text": " ",
        "userDefined": false
      },
      {
        "text": "un",
        "userDefined": false
      },
      {
        "text": " profile ",
        "userDefined": false
      },
      {
        "text": "ko",
        "userDefined": false
      },
      {
        "text": " download ",
        "userDefined": false
      },
      {
        "text": "kr",
        "userDefined": false
      },
      {
        "text": " sakta ",
        "userDefined": false
      },
      {
        "text": "hu",
        "userDefined": false
      },
      {
        "text": " jinme mujhe ",
        "userDefined": false
      },
      {
        "text": "ruchi",
        "userDefined": false
      },
      {
        "text": " ",
        "userDefined": false
      },
      {
        "text": "hai",
        "userDefined": false
      }
    ],
    "isTemplate": false,
    "count": 0,
    "lang": "hi",
    "updated": 0
  },
  {
    "id": "be0f1cc8-244c-4b02-bc73-5e3fa04cb201",
    "data": [
      {
        "text": "क्या मैं उन प्रोफाइल को डाउनलोड कर सकता हूं जिनमें मुझे ",
        "userDefined": false
      },
      {
        "text": "रुचि",
        "userDefined": false
      },
      {
        "text": " है?",
        "userDefined": false
      }
    ],
    "isTemplate": false,
    "count": 0,
    "lang": "hi",
    "updated": 0
  }
]