[
  {
    "id": "4a52f9d1-ab97-40eb-b2d8-ca4bd5439bac",
    "data": [
      {
        "text": "how to download profile?",
        "userDefined": false
      }
    ],
    "isTemplate": false,
    "count": 0,
    "lang": "en",
    "updated": 0
  },
  {
    "id": "9268adc6-7953-4730-8ea5-b4d644325f01",
    "data": [
      {
        "text": "download profile",
        "userDefined": false
      }
    ],
    "isTemplate": false,
    "count": 0,
    "lang": "en",
    "updated": 0
  },
  {
    "id": "5f04fe20-6cce-4721-8f6d-f266ea536b79",
    "data": [
      {
        "text": "How can I download profile/profiles?",
        "userDefined": false
      }
    ],
    "isTemplate": false,
    "count": 0,
    "lang": "en",
    "updated": 0
  },
  {
    "id": "4966ced5-83c4-4d36-9717-b86cf32ba7a5",
    "data": [
      {
        "text": "Can I download the profiles I am interested in?",
        "userDefined": false
      }
    ],
    "isTemplate": false,
    "count": 0,
    "lang": "en",
    "updated": 0
  }
]