[
  {
    "id": "a565f604-53df-4553-ab6a-0b8af8f43691",
    "data": [
      {
        "text": "profile verify",
        "userDefined": false
      }
    ],
    "isTemplate": false,
    "count": 0,
    "lang": "hi",
    "updated": 0
  },
  {
    "id": "afe9fd36-84aa-47a2-bd9a-37d211f09c0d",
    "data": [
      {
        "text": "Candidate ",
        "userDefined": false
      },
      {
        "text": "ki",
        "meta": "@sys.person",
        "alias": "person",
        "userDefined": false
      },
      {
        "text": " profile verified ",
        "userDefined": false
      },
      {
        "text": "hai",
        "meta": "@sys.person",
        "alias": "person1",
        "userDefined": false
      }
    ],
    "isTemplate": false,
    "count": 0,
    "lang": "hi",
    "updated": 0
  },
  {
    "id": "1193c255-e236-494d-81a6-3f56867e8bd5",
    "data": [
      {
        "text": "क्या उम्मीदवारों के प्रोफ़ाइल की पुष्टि होती है",
        "userDefined": false
      }
    ],
    "isTemplate": false,
    "count": 0,
    "lang": "hi",
    "updated": 0
  },
  {
    "id": "59c0f174-8791-47a0-a432-7413aa6cb85e",
    "data": [
      {
        "text": "क्या उम्मीदवारों के प्रोफ़ाइल की वैधता की जाती है",
        "userDefined": false
      }
    ],
    "isTemplate": false,
    "count": 0,
    "lang": "hi",
    "updated": 0
  },
  {
    "id": "04045985-6c40-400e-a67a-50bfbdfc0ac2",
    "data": [
      {
        "text": "क्या उम्मीदवारों की प्रोफ़ाइल सत्यापित हैं",
        "userDefined": false
      }
    ],
    "isTemplate": false,
    "count": 0,
    "lang": "hi",
    "updated": 0
  }
]