[
  {
    "id": "4cebef5e-f466-4802-b8b4-7712f5cb6b87",
    "data": [
      {
        "text": "refer",
        "userDefined": false
      }
    ],
    "isTemplate": false,
    "count": 0,
    "lang": "hi",
    "updated": 0
  },
  {
    "id": "bfc94f0a-9be7-4410-814b-3d498be65256",
    "data": [
      {
        "text": "kya ",
        "userDefined": false
      },
      {
        "text": "mai",
        "userDefined": false
      },
      {
        "text": " apne freind ",
        "userDefined": false
      },
      {
        "text": "ko",
        "userDefined": false
      },
      {
        "text": " portal refer ",
        "userDefined": false
      },
      {
        "text": "kar",
        "userDefined": false
      },
      {
        "text": " skta ",
        "userDefined": false
      },
      {
        "text": "hu",
        "userDefined": false
      },
      {
        "text": "?",
        "userDefined": false
      }
    ],
    "isTemplate": false,
    "count": 0,
    "lang": "hi",
    "updated": 0
  },
  {
    "id": "820d8988-0796-43de-bf9f-cd3a676a8a88",
    "data": [
      {
        "text": "क्या मैं पोर्टल पर ",
        "userDefined": false
      },
      {
        "text": "अपने दोस्तों",
        "userDefined": false
      },
      {
        "text": " को संदर्भित कर सकता हूँ?",
        "userDefined": false
      }
    ],
    "isTemplate": false,
    "count": 0,
    "lang": "hi",
    "updated": 0
  },
  {
    "id": "6a2b8b24-39ac-4ae8-ae09-28f7434d23a7",
    "data": [
      {
        "text": "क्या मैं ",
        "userDefined": false
      },
      {
        "text": "अपने दोस्तों",
        "userDefined": false
      },
      {
        "text": " को पोर्टल पर संदर्भित कर सकता हूँ?",
        "userDefined": false
      }
    ],
    "isTemplate": false,
    "count": 0,
    "lang": "hi",
    "updated": 0
  },
  {
    "id": "8f70a878-5ff7-4b06-85bc-bcb85cc1173c",
    "data": [
      {
        "text": "क्या मैं ",
        "userDefined": false
      },
      {
        "text": "अपने दोस्तों",
        "userDefined": false
      },
      {
        "text": " को पोर्टल पर रेफर कर सकता हूँ?",
        "userDefined": false
      }
    ],
    "isTemplate": false,
    "count": 0,
    "lang": "hi",
    "updated": 0
  }
]