[
  {
    "id": "56bd1556-0d5a-4d06-b4b8-e1b73c89214e",
    "data": [
      {
        "text": "Is it possible for me to recommend the portal to my friends?",
        "userDefined": false
      }
    ],
    "isTemplate": false,
    "count": 0,
    "lang": "en",
    "updated": 0
  },
  {
    "id": "6dacb446-5daf-40ed-8de4-63505c151952",
    "data": [
      {
        "text": "Am I allowed to recommend my friends to the portal?",
        "userDefined": false
      }
    ],
    "isTemplate": false,
    "count": 0,
    "lang": "en",
    "updated": 0
  },
  {
    "id": "03808997-ac62-42b6-ab2d-f5b8189b1f5e",
    "data": [
      {
        "text": "Can I refer my friends to the portal?",
        "userDefined": false
      }
    ],
    "isTemplate": false,
    "count": 0,
    "lang": "en",
    "updated": 0
  }
]