[
  {
    "id": "4bdf463c-c192-4d0d-9152-ba4ef62aad6b",
    "data": [
      {
        "text": "registration",
        "userDefined": false
      }
    ],
    "isTemplate": false,
    "count": 0,
    "lang": "en",
    "updated": 0
  },
  {
    "id": "8e753819-c651-477c-ace1-ed40f58422ca",
    "data": [
      {
        "text": "How can I register as an Employer on PGRKAM Portal?",
        "userDefined": false
      }
    ],
    "isTemplate": false,
    "count": 0,
    "lang": "en",
    "updated": 0
  },
  {
    "id": "6944153d-6b6d-409a-9afc-f2f36dee5046",
    "data": [
      {
        "text": "How can I register on PGRKAM Portal?",
        "userDefined": false
      }
    ],
    "isTemplate": false,
    "count": 0,
    "lang": "en",
    "updated": 0
  },
  {
    "id": "48d0158c-97f8-45de-a615-073d475d5145",
    "data": [
      {
        "text": "register me",
        "userDefined": false
      }
    ],
    "isTemplate": false,
    "count": 0,
    "lang": "en",
    "updated": 0
  },
  {
    "id": "65ba9274-465e-4ef4-aee4-1aa06514ddb5",
    "data": [
      {
        "text": "register",
        "userDefined": false
      }
    ],
    "isTemplate": false,
    "count": 0,
    "lang": "en",
    "updated": 0
  }
]