[
  {
    "id": "136628e4-c99d-4205-87c6-7a10a5aa434d",
    "data": [
      {
        "text": "panjikaran",
        "userDefined": false
      }
    ],
    "isTemplate": false,
    "count": 0,
    "lang": "hi",
    "updated": 0
  },
  {
    "id": "3235909a-dc1c-4bec-8c2a-613c2a49d278",
    "data": [
      {
        "text": "रजिस्टर",
        "userDefined": false
      }
    ],
    "isTemplate": false,
    "count": 0,
    "lang": "hi",
    "updated": 0
  },
  {
    "id": "b7f6907c-51e6-4aa2-91ac-89c9de791ed1",
    "data": [
      {
        "text": "register",
        "userDefined": false
      }
    ],
    "isTemplate": false,
    "count": 0,
    "lang": "hi",
    "updated": 0
  },
  {
    "id": "b200fc97-7d5a-4684-bb76-1f301307708a",
    "data": [
      {
        "text": "मैं पीजीआरकेएएम पोर्टल पर कैसे पंजीकरण कर सकता हूं?",
        "userDefined": false
      }
    ],
    "isTemplate": false,
    "count": 1,
    "lang": "hi",
    "updated": 0
  },
  {
    "id": "ad394b87-92c1-41e2-9750-96493efc428a",
    "data": [
      {
        "text": "पंजीकरण",
        "userDefined": false
      }
    ],
    "isTemplate": false,
    "count": 0,
    "lang": "hi",
    "updated": 0
  }
]