[
  {
    "id": "33b18cdb-6749-4606-9a63-a7efbc6c0936",
    "data": [
      {
        "text": "panjikaran ",
        "userDefined": false
      },
      {
        "text": "ki",
        "userDefined": false
      },
      {
        "text": " requirements kya ",
        "userDefined": false
      },
      {
        "text": "hai",
        "userDefined": false
      }
    ],
    "isTemplate": false,
    "count": 0,
    "lang": "hi",
    "updated": 0
  },
  {
    "id": "022b1170-abb6-4e55-aa53-fc67e074c427",
    "data": [
      {
        "text": "registration ki requirements kya hai",
        "userDefined": false
      }
    ],
    "isTemplate": false,
    "count": 0,
    "lang": "hi",
    "updated": 0
  },
  {
    "id": "dbf94b72-d8ca-4ba6-808d-0be9282ab23a",
    "data": [
      {
        "text": "पंजीकरण के लिए बुनियादी आवश्यकता क्या है?",
        "userDefined": false
      }
    ],
    "isTemplate": false,
    "count": 0,
    "lang": "hi",
    "updated": 0
  }
]