[
  {
    "id": "935a4ae4-21c2-42eb-8638-7b6d6cf22285",
    "data": [
      {
        "text": "what is needed for registration",
        "userDefined": false
      }
    ],
    "isTemplate": false,
    "count": 0,
    "lang": "en-in",
    "updated": 0
  },
  {
    "id": "8582d4f1-5ff2-4f41-9734-2f018c6646b0",
    "data": [
      {
        "text": "requirements",
        "userDefined": false
      }
    ],
    "isTemplate": false,
    "count": 0,
    "lang": "en-in",
    "updated": 0
  },
  {
    "id": "095540b5-ae4a-4cf1-892e-67096c3af8cf",
    "data": [
      {
        "text": "requirements for registration",
        "userDefined": false
      }
    ],
    "isTemplate": false,
    "count": 0,
    "lang": "en-in",
    "updated": 0
  },
  {
    "id": "366c06b2-72ad-4537-a8db-a16c6112d599",
    "data": [
      {
        "text": "What is the basic requirement for registration?",
        "userDefined": false
      }
    ],
    "isTemplate": false,
    "count": 0,
    "lang": "en-in",
    "updated": 0
  }
]