[
  {
    "id": "25db42df-8760-4283-88af-b11516106be2",
    "data": [
      {
        "text": "register kive kran",
        "userDefined": false
      }
    ],
    "isTemplate": false,
    "count": 0,
    "lang": "pa",
    "updated": 0
  },
  {
    "id": "61ba8364-6d01-4532-a333-787c618fe192",
    "data": [
      {
        "text": "registration",
        "userDefined": false
      }
    ],
    "isTemplate": false,
    "count": 0,
    "lang": "pa",
    "updated": 0
  },
  {
    "id": "52d58e53-6980-4202-a38f-7b674b32f5fd",
    "data": [
      {
        "text": "Resgister kis tro kran",
        "userDefined": false
      }
    ],
    "isTemplate": false,
    "count": 0,
    "lang": "pa",
    "updated": 0
  },
  {
    "id": "5fff8ff8-b5d7-45ef-bda2-679d16fff95e",
    "data": [
      {
        "text": "ਮੈਂ PGRKAM ਪੋਰਟਲ \u0027ਤੇ ਰੁਜ਼ਗਾਰਦਾਤਾ ਹੋਣ ਲਈ ਕਿਵੇਂ ਰਜਿਸਟਰ ਕਰ ਸਕਦਾ/ਸਕਦੀ ਹਾਂ?",
        "userDefined": false
      }
    ],
    "isTemplate": false,
    "count": 0,
    "lang": "pa",
    "updated": 0
  },
  {
    "id": "5ef15a8a-6814-4390-b78a-e29dec1d11b9",
    "data": [
      {
        "text": "register",
        "userDefined": false
      }
    ],
    "isTemplate": false,
    "count": 0,
    "lang": "pa",
    "updated": 0
  },
  {
    "id": "e222500a-fbc0-4c27-98d1-3012e9436f83",
    "data": [
      {
        "text": "Mai is website tee kis tro register kr skda/skdi han",
        "userDefined": false
      }
    ],
    "isTemplate": false,
    "count": 0,
    "lang": "pa",
    "updated": 0
  },
  {
    "id": "3d4793b4-56af-44bf-b6b3-166cbe06c9fa",
    "data": [
      {
        "text": "ਮੈਂ PGRKAM ਪੋਰਟਲ \u0027ਤੇ ਰੁਜ਼ਗਾਰਦਾਤਾ ਵਜੋਂ ਕਿਵੇਂ ਰਜਿਸਟਰ ਕਰ ਸਕਦਾ/ਸਕਦੀ ਹਾਂ?",
        "userDefined": false
      }
    ],
    "isTemplate": false,
    "count": 0,
    "lang": "pa",
    "updated": 0
  }
]