[
  {
    "id": "968b29e4-57a9-4755-a52a-fa704d6306fe",
    "data": [
      {
        "text": "cv update",
        "userDefined": false
      }
    ],
    "isTemplate": false,
    "count": 0,
    "lang": "hi",
    "updated": 0
  },
  {
    "id": "49e6a2fe-805b-441f-a8cc-9c3735532354",
    "data": [
      {
        "text": "kya mai apni cv regular update kar sakte hoon?",
        "userDefined": false
      }
    ],
    "isTemplate": false,
    "count": 0,
    "lang": "hi",
    "updated": 0
  },
  {
    "id": "0169e80a-217a-471b-8c23-ec952fcef2f4",
    "data": [
      {
        "text": "क्या मुझे पोर्टल पर अपने ",
        "userDefined": false
      },
      {
        "text": "सीवी",
        "meta": "@sys.person",
        "alias": "person",
        "userDefined": false
      },
      {
        "text": " में नियमित अपडेट करने की अनुमति है?",
        "userDefined": false
      }
    ],
    "isTemplate": false,
    "count": 0,
    "lang": "hi",
    "updated": 0
  },
  {
    "id": "28bdd79a-0f25-4a13-a428-a26a9f14cdd1",
    "data": [
      {
        "text": "क्या मेरे लिए प्लेटफ़ॉर्म पर अपना ",
        "userDefined": false
      },
      {
        "text": "सीवी",
        "userDefined": false
      },
      {
        "text": " ",
        "userDefined": false
      },
      {
        "text": "बार-बार",
        "userDefined": false
      },
      {
        "text": " अपडेट करना संभव है?",
        "userDefined": false
      }
    ],
    "isTemplate": false,
    "count": 0,
    "lang": "hi",
    "updated": 0
  },
  {
    "id": "7922106f-ba87-4aab-a3f2-c5ea55824d4c",
    "data": [
      {
        "text": "क्या मैं अपना ",
        "userDefined": false
      },
      {
        "text": "सीवी",
        "userDefined": false
      },
      {
        "text": " नियमित ",
        "userDefined": false
      },
      {
        "text": "रूप",
        "userDefined": false
      },
      {
        "text": " से अपडेट कर सकता हूँ?",
        "userDefined": false
      }
    ],
    "isTemplate": false,
    "count": 0,
    "lang": "hi",
    "updated": 0
  }
]