[
  {
    "id": "27a3ece6-0547-45cc-8566-6e6eb67f3696",
    "data": [
      {
        "text": "cv updates",
        "userDefined": false
      }
    ],
    "isTemplate": false,
    "count": 0,
    "lang": "en",
    "updated": 0
  },
  {
    "id": "11d1d98d-e5a3-4f77-b557-647e8474582b",
    "data": [
      {
        "text": "Am I allowed to make regular updates to my CV on the portal?",
        "userDefined": false
      }
    ],
    "isTemplate": false,
    "count": 0,
    "lang": "en",
    "updated": 0
  },
  {
    "id": "3e2a506c-ae61-40d2-b33b-c8d428a07181",
    "data": [
      {
        "text": "Is it possible for me to frequently update my CV on the platform?",
        "userDefined": false
      }
    ],
    "isTemplate": false,
    "count": 0,
    "lang": "en",
    "updated": 0
  },
  {
    "id": "0813e4b7-1dba-462d-b259-bdb0410ee3b4",
    "data": [
      {
        "text": "Can I regularly update my CV?",
        "userDefined": false
      }
    ],
    "isTemplate": false,
    "count": 0,
    "lang": "en",
    "updated": 0
  }
]