[
  {
    "id": "b46313d3-8312-412a-bcc8-ea403b5a9566",
    "data": [
      {
        "text": "Is there a procedure to exclude individuals from employer profile management",
        "userDefined": false
      }
    ],
    "isTemplate": false,
    "count": 0,
    "lang": "en",
    "updated": 0
  },
  {
    "id": "448f8ba9-4c3e-4471-9f77-e130fe53feef",
    "data": [
      {
        "text": "Can users be taken off the list of those managing the employer\u0027s profile",
        "userDefined": false
      }
    ],
    "isTemplate": false,
    "count": 0,
    "lang": "en",
    "updated": 0
  },
  {
    "id": "d9f108a3-984a-423a-91ca-ceb48c0c8207",
    "data": [
      {
        "text": "Remove users from profile",
        "userDefined": false
      }
    ],
    "isTemplate": false,
    "count": 0,
    "lang": "en",
    "updated": 0
  },
  {
    "id": "49c2ed8a-2e35-41cd-a334-c72167375b82",
    "data": [
      {
        "text": "Can we also remove users from managing the Employer\u0027s profile?",
        "userDefined": false
      }
    ],
    "isTemplate": false,
    "count": 0,
    "lang": "en",
    "updated": 0
  }
]