[
  {
    "id": "dcac7ed7-d5dd-4711-96d7-3fa8f6307118",
    "data": [
      {
        "text": "zarurat",
        "userDefined": false
      }
    ],
    "isTemplate": false,
    "count": 0,
    "lang": "hi",
    "updated": 0
  },
  {
    "id": "f9fdc7f2-21ba-4cbd-ba8d-c59391bbc1ce",
    "data": [
      {
        "text": "register ",
        "userDefined": false
      },
      {
        "text": "karne",
        "userDefined": false
      },
      {
        "text": " ke liye ",
        "userDefined": false
      },
      {
        "text": "hume",
        "userDefined": false
      },
      {
        "text": " kiski zarurat ",
        "userDefined": false
      },
      {
        "text": "hai",
        "userDefined": false
      }
    ],
    "isTemplate": false,
    "count": 0,
    "lang": "hi",
    "updated": 0
  },
  {
    "id": "a8ae8de3-4b93-45a9-94d5-cb4f361322d5",
    "data": [
      {
        "text": "पंजीकरण के लिए बुनियादी आवश्यकता क्या है?",
        "userDefined": false
      }
    ],
    "isTemplate": false,
    "count": 0,
    "lang": "hi",
    "updated": 0
  },
  {
    "id": "750444fe-dec3-4af6-9463-c03fc17e8e6d",
    "data": [
      {
        "text": "पोर्टल पर नियोक्ता के ",
        "userDefined": false
      },
      {
        "text": "रूप",
        "userDefined": false
      },
      {
        "text": " में पंजीकरण करने के लिए क्या आवश्यकताएं हैं?",
        "userDefined": false
      }
    ],
    "isTemplate": false,
    "count": 0,
    "lang": "hi",
    "updated": 0
  }
]