[
  {
    "id": "d2d8032b-0653-430c-803d-a01846599dee",
    "data": [
      {
        "text": "register required",
        "userDefined": false
      }
    ],
    "isTemplate": false,
    "count": 0,
    "lang": "en",
    "updated": 0
  },
  {
    "id": "7b4112b8-5cc5-4357-82b1-8f7679c794d2",
    "data": [
      {
        "text": "documents need",
        "userDefined": false
      }
    ],
    "isTemplate": false,
    "count": 0,
    "lang": "en",
    "updated": 0
  },
  {
    "id": "438c9165-f566-499b-b9a4-bba59117b8c8",
    "data": [
      {
        "text": "need for registration",
        "userDefined": false
      }
    ],
    "isTemplate": false,
    "count": 0,
    "lang": "en",
    "updated": 0
  },
  {
    "id": "c1ba63e6-2416-4cdb-9b0d-390133250183",
    "data": [
      {
        "text": "requirements for registration",
        "userDefined": false
      }
    ],
    "isTemplate": false,
    "count": 0,
    "lang": "en",
    "updated": 0
  },
  {
    "id": "b3632995-1ca2-4e66-8783-9ce945e78b0a",
    "data": [
      {
        "text": "What is the basic requirement for registration",
        "userDefined": false
      }
    ],
    "isTemplate": false,
    "count": 0,
    "lang": "en",
    "updated": 0
  },
  {
    "id": "6aaaa3c7-d899-4449-a7ea-709d7c5b7e15",
    "data": [
      {
        "text": "What are the requirements to register as an employer on the Portal",
        "userDefined": false
      }
    ],
    "isTemplate": false,
    "count": 0,
    "lang": "en",
    "updated": 0
  }
]