[
  {
    "id": "56ec1406-5cf6-4a75-98c8-3278f1058da7",
    "data": [
      {
        "text": "save job form / template",
        "userDefined": false
      }
    ],
    "isTemplate": false,
    "count": 0,
    "lang": "en",
    "updated": 0
  },
  {
    "id": "d4cb8714-bb85-4758-b260-2a1b99f4cfc9",
    "data": [
      {
        "text": "use posting form later",
        "userDefined": false
      }
    ],
    "isTemplate": false,
    "count": 0,
    "lang": "en",
    "updated": 0
  },
  {
    "id": "e8fbb81e-d779-43de-b5be-67a6fb9b1bb8",
    "data": [
      {
        "text": "save job posting templates later use",
        "userDefined": false
      }
    ],
    "isTemplate": false,
    "count": 0,
    "lang": "en",
    "updated": 0
  },
  {
    "id": "e17130c5-00bf-474d-93f6-7a1bde1f9c04",
    "data": [
      {
        "text": "save form reuse",
        "userDefined": false
      }
    ],
    "isTemplate": false,
    "count": 0,
    "lang": "en",
    "updated": 0
  },
  {
    "id": "1c2632a3-ef7e-4bec-ba8e-4de222785de2",
    "data": [
      {
        "text": "Can I save job posting templates / form and reuse them later",
        "userDefined": false
      }
    ],
    "isTemplate": false,
    "count": 0,
    "lang": "en",
    "updated": 0
  }
]