[
  {
    "id": "008ff97e-5488-4b72-960a-80404525ded1",
    "data": [
      {
        "text": "Is it possible for me, as a self-employed person with the ability to bring on board a small team of 2-3 individuals, to formally register myself as an employer?",
        "userDefined": false
      }
    ],
    "isTemplate": false,
    "count": 0,
    "lang": "en-in",
    "updated": 0
  },
  {
    "id": "cde91cfe-0612-41d3-9783-2667fe8bb082",
    "data": [
      {
        "text": "As a self-employed individual with the capacity to hire a limited number of employees, am I eligible to register as an employer?",
        "userDefined": false
      }
    ],
    "isTemplate": false,
    "count": 0,
    "lang": "en-in",
    "updated": 0
  },
  {
    "id": "55fce1d3-79be-4254-a07a-7f3c21cd6e18",
    "data": [
      {
        "text": "I am a self-employed person and can hire only 2-3 people. Can I register as an employer?",
        "userDefined": false
      }
    ],
    "isTemplate": false,
    "count": 0,
    "lang": "en-in",
    "updated": 0
  }
]