[
  {
    "id": "ccac1d4d-2d64-4293-8ce0-a0ee9535e465",
    "data": [
      {
        "text": "shortlist",
        "userDefined": false
      }
    ],
    "isTemplate": false,
    "count": 0,
    "lang": "en-in",
    "updated": 0
  },
  {
    "id": "31b4d589-cbea-4bcd-bf1a-58e342704e71",
    "data": [
      {
        "text": "set profile aside",
        "userDefined": false
      }
    ],
    "isTemplate": false,
    "count": 0,
    "lang": "en-in",
    "updated": 0
  },
  {
    "id": "1052e030-4186-4645-a224-079a733df2aa",
    "data": [
      {
        "text": "check out later",
        "userDefined": false
      }
    ],
    "isTemplate": false,
    "count": 0,
    "lang": "en-in",
    "updated": 0
  },
  {
    "id": "e164f5c6-be2e-48e3-81ed-09ac0a806de7",
    "data": [
      {
        "text": "shortlist review later",
        "userDefined": false
      }
    ],
    "isTemplate": false,
    "count": 0,
    "lang": "en-in",
    "updated": 0
  },
  {
    "id": "845bed3f-c98f-4872-9f5a-e29021e14a57",
    "data": [
      {
        "text": "profile later",
        "userDefined": false
      }
    ],
    "isTemplate": false,
    "count": 0,
    "lang": "en-in",
    "updated": 0
  },
  {
    "id": "7e398d79-a478-4eb3-90dc-ed81e48e4656",
    "data": [
      {
        "text": ". Can I shortlist profiles and review them later",
        "userDefined": false
      }
    ],
    "isTemplate": false,
    "count": 0,
    "lang": "en-in",
    "updated": 0
  }
]