[
  {
    "id": "7246054e-ee4f-4b82-a58d-a00d977e04cc",
    "data": [
      {
        "text": "AreAre ",
        "userDefined": false
      },
      {
        "text": "the candidates",
        "meta": "@sys.music-artist",
        "alias": "music-artist",
        "userDefined": false
      },
      {
        "text": "\u0027 profiles verified? ",
        "userDefined": false
      },
      {
        "text": "the candidates",
        "meta": "@sys.music-artist",
        "alias": "music-artist1",
        "userDefined": false
      },
      {
        "text": "\u0027 profiles verified?",
        "userDefined": false
      }
    ],
    "isTemplate": false,
    "count": 0,
    "lang": "en-in",
    "updated": 0
  }
]