[
  {
    "id": "253e7669-b41a-4540-886f-ad9f703a4cd3",
    "data": [
      {
        "text": "Will employers contact me via phone?",
        "userDefined": false
      }
    ],
    "isTemplate": false,
    "count": 0,
    "lang": "en-in",
    "updated": 0
  },
  {
    "id": "367360fd-5c58-42f7-86d1-0988b7360461",
    "data": [
      {
        "text": "Will I get calls from employers?",
        "userDefined": false
      }
    ],
    "isTemplate": false,
    "count": 0,
    "lang": "en-in",
    "updated": 0
  }
]