[
  {
    "id": "517a0301-23ef-4119-af7f-1c17b4bad734",
    "data": [
      {
        "text": "call",
        "userDefined": false
      }
    ],
    "isTemplate": false,
    "count": 0,
    "lang": "hi",
    "updated": 0
  },
  {
    "id": "5076abd6-66e1-4708-aa1c-1fe107693b22",
    "data": [
      {
        "text": " kya mujhe ",
        "userDefined": false
      },
      {
        "text": "company",
        "userDefined": false
      },
      {
        "text": " se call aayegi",
        "userDefined": false
      }
    ],
    "isTemplate": false,
    "count": 0,
    "lang": "hi",
    "updated": 0
  },
  {
    "id": "c1ef90fb-deab-49ce-a69f-c1e2b88d8c16",
    "data": [
      {
        "text": "क्या कोई ",
        "userDefined": false
      },
      {
        "text": "कंपनी",
        "userDefined": false
      },
      {
        "text": " मुझे टेलीफोन पर संपर्क करेगी?",
        "userDefined": false
      }
    ],
    "isTemplate": false,
    "count": 0,
    "lang": "hi",
    "updated": 0
  },
  {
    "id": "1beb01a1-0ad1-4297-bb04-1cf36bad63d2",
    "data": [
      {
        "text": "क्या मुझे ",
        "userDefined": false
      },
      {
        "text": "नौकरी",
        "userDefined": false
      },
      {
        "text": " देने वालों से फ़ोन ",
        "userDefined": false
      },
      {
        "text": "कॉल",
        "userDefined": false
      },
      {
        "text": " आएगा?",
        "userDefined": false
      }
    ],
    "isTemplate": false,
    "count": 0,
    "lang": "hi",
    "updated": 0
  },
  {
    "id": "9e49607b-8e0c-4449-bda6-45ee6080a47c",
    "data": [
      {
        "text": "क्या मुझे नियोक्ताओं से ",
        "userDefined": false
      },
      {
        "text": "कॉल",
        "userDefined": false
      },
      {
        "text": " आएंगी?",
        "userDefined": false
      }
    ],
    "isTemplate": false,
    "count": 0,
    "lang": "hi",
    "updated": 0
  }
]